-- MySQL dump 10.13  Distrib 5.5.53, for debian-linux-gnu (x86_64)
--
-- Host: 10.122.251.85    Database: shopping_cart
-- ------------------------------------------------------
-- Server version	5.7.21

!40101 SET @OLD_CHARACTER_SET_CLIENT=@@CHARACTER_SET_CLIENT */;
/*!40101 SET @OLD_CHARACTER_SET_RESULTS=@@CHARACTER_SET_RESULTS */;
/*!40101 SET @OLD_COLLATION_CONNECTION=@@COLLATION_CONNECTION */;
/*!40101 SET NAMES utf8 */;
/*!40103 SET @OLD_TIME_ZONE=@@TIME_ZONE */;
/*!40103 SET TIME_ZONE='+00:00' */;
/*!40014 SET @OLD_UNIQUE_CHECKS=@@UNIQUE_CHECKS, UNIQUE_CHECKS=0 */;
/*!40014 SET @OLD_FOREIGN_KEY_CHECKS=@@FOREIGN_KEY_CHECKS, FOREIGN_KEY_CHECKS=0 */;
/*!40101 SET @OLD_SQL_MODE=@@SQL_MODE, SQL_MODE='NO_AUTO_VALUE_ON_ZERO' */;
/*!40111 SET @OLD_SQL_NOTES=@@SQL_NOTES, SQL_NOTES=0 */;

--
-- Table structure for table `authorities`
--

DROP TABLE IF EXISTS `authorities`;
/*!40101 SET @saved_cs_client     = @@character_set_client */;
/*!40101 SET character_set_client = utf8 */;
CREATE TABLE `authorities` (
  `authorityId` varchar(255) NOT NULL,
  `authorities` varchar(255) DEFAULT NULL,
  `emailId` varchar(255) DEFAULT NULL,
  PRIMARY KEY (`authorityId`)
) ENGINE=InnoDB DEFAULT CHARSET=utf8;
/*!40101 SET character_set_client = @saved_cs_client */;

--
-- Dumping data for table `authorities`
--

LOCK TABLES `authorities` WRITE;
/*!40000 ALTER TABLE `authorities` DISABLE KEYS */;
INSERT INTO `authorities` (`authorityId`, `authorities`, `emailId`) VALUES ('45347a14-b71a-416d-b0a3-8319646c0ccd','ROLE_USER','test2@huawei.com'),('4b991cd3-8fa0-43fe-a02f-74df9820eef6','ROLE_ADMIN','admin.demo@huawei.com'),('7f9ab83e-64c9-4fe3-8226-9c522d2a5731','ROLE_USER','chenp02@huawei.com'),('8b68ca66-6e18-4272-9c77-f484d9c68924','ROLE_ADMIN','hongwu.chen@huawei.com'),('9e9949fe-addf-4121-888c-807805f49fe2','ROLE_USER','test5@huawei.com'),('c0083d4f-97d7-43e2-bea9-9ee622c2c056','ROLE_USER','test1@huawei.com'),('cf6b5535-a799-4b5c-89ff-961a09740f20','ROLE_USER','test4@huawei.com'),('f316a9be-843b-4863-a289-8570efe83277','ROLE_USER','chenp02@gmail.com'),('f7d19931-80a3-4d99-a972-77defed5b7e5','ROLE_USER','test3@huawei.com');
/*!40000 ALTER TABLE `authorities` ENABLE KEYS */;
UNLOCK TABLES;

--
-- Table structure for table `billingAddress`
--

DROP TABLE IF EXISTS `billingAddress`;
/*!40101 SET @saved_cs_client     = @@character_set_client */;
/*!40101 SET character_set_client = utf8 */;
CREATE TABLE `billingAddress` (
  `billindAddressId` varchar(255) NOT NULL,
  `address` varchar(255) DEFAULT NULL,
  `city` varchar(255) DEFAULT NULL,
  `country` varchar(255) DEFAULT NULL,
  `state` varchar(255) DEFAULT NULL,
  `zipcode` varchar(255) DEFAULT NULL,
  PRIMARY KEY (`billindAddressId`)
) ENGINE=InnoDB DEFAULT CHARSET=utf8;
/*!40101 SET character_set_client = @saved_cs_client */;

--
-- Dumping data for table `billingAddress`
--

LOCK TABLES `billingAddress` WRITE;
/*!40000 ALTER TABLE `billingAddress` DISABLE KEYS */;
INSERT INTO `billingAddress` (`billindAddressId`, `address`, `city`, `country`, `state`, `zipcode`) VALUES ('0f505fbf-095d-470a-b624-11a04310fa87','19 Allstate Pkwy','Markham, ON','Canada','Select a Province','L345B4'),('7ef0bd75-c8db-4a78-8991-de389d187cd3','19 Allstate Pkwy','Markham, ON','Canada','Select a Province','L345B4'),('9dbf72d7-f0d6-4b94-a37a-b6db77169e72','19 Allstate Pkwy','Markham, ON','Canada','Select a Province','L345B4'),('a14d6dab-98b1-4ff4-b99a-95d2363b7dd9','19 Allstate Pkwy 大街','Markham, ON','Canada','Select a Province','L345B4'),('bcf77891-9694-43ff-b544-86bed36ea40e','','','','',''),('c77c8cd8-9b39-4192-9e5c-234b105a544e','19 Allstate Pkwy','Markham, ON','Canada','Select a Province','L345B4'),('c94f3856-5cdf-4495-87c9-5608297910d8','19 Allstate Pkwy','Markham, ON','Canada','Select a Province','L345B4'),('cdd2a99e-3ca3-4805-9691-1952d0b413f6','','','','',''),('e09d380a-9c1d-41bc-897c-0ee2572519c7','','','','','');
/*!40000 ALTER TABLE `billingAddress` ENABLE KEYS */;
UNLOCK TABLES;

--
-- Table structure for table `cart`
--

DROP TABLE IF EXISTS `cart`;
/*!40101 SET @saved_cs_client     = @@character_set_client */;
/*!40101 SET character_set_client = utf8 */;
CREATE TABLE `cart` (
  `cartId` varchar(255) NOT NULL,
  `totalPrice` double NOT NULL,
  `customerId` varchar(255) DEFAULT NULL,
  PRIMARY KEY (`cartId`),
  KEY `FK2E7B2017CAAA9` (`customerId`),
  CONSTRAINT `FK2E7B2017CAAA9` FOREIGN KEY (`customerId`) REFERENCES `customer` (`customerId`)
) ENGINE=InnoDB DEFAULT CHARSET=utf8;
/*!40101 SET character_set_client = @saved_cs_client */;

--
-- Dumping data for table `cart`
--

LOCK TABLES `cart` WRITE;
/*!40000 ALTER TABLE `cart` DISABLE KEYS */;
INSERT INTO `cart` (`cartId`, `totalPrice`, `customerId`) VALUES ('1fe0efe2-4797-4479-9a2c-c1734fc94036',0,'1583ea7f-854b-429c-8cf4-2de8d382511e'),('3411bf06-1aca-4140-a2e9-79ba997734b8',0,'943df735-b44e-4081-9681-e9ab4d656222'),('5f3b488d-413b-46f4-a6fa-d6e3b38000f4',0,'a644d6c8-9948-42a2-86e8-78f512701c24'),('6c445c1a-3110-4d6f-b571-f14e27b86fe7',0,'7afd399e-8daa-4d8e-8adb-a31d9db4f242'),('8cbcf7a5-3181-4eea-91ee-d8d25578f520',0,'51be4c14-41c3-4d13-b76e-63c6f7cb68b3'),('8f296bb9-f419-4594-bff5-a7de8c74471b',0,'2b1f1186-8ef6-4ddc-95fd-e68b4a29e665'),('a4ab2f8b-74ce-4c67-b399-631b3a111b3b',14584,'5b9d4e58-96b5-43f1-a638-94a966393b0e'),('a67f1427-efef-4eb0-8302-1dad9fa19e07',0,'536c0b50-63d7-4055-b7ed-b630d7e97e0b'),('b62b10c8-be1a-49d4-a026-2dad279b6bb6',0,'5b8e16c1-5ed8-4a72-a9ac-9dac6b65b772');
/*!40000 ALTER TABLE `cart` ENABLE KEYS */;
UNLOCK TABLES;

--
-- Table structure for table `cartitem`
--

DROP TABLE IF EXISTS `cartitem`;
/*!40101 SET @saved_cs_client     = @@character_set_client */;
/*!40101 SET character_set_client = utf8 */;
CREATE TABLE `cartitem` (
  `cartItemId` varchar(255) NOT NULL,
  `price` double NOT NULL,
  `quality` int(11) NOT NULL,
  `cartId` varchar(255) DEFAULT NULL,
  `productId` varchar(255) DEFAULT NULL,
  PRIMARY KEY (`cartItemId`),
  KEY `FK6D66338FC017A7` (`productId`),
  KEY `FK6D6633F47C51AD` (`cartId`),
  CONSTRAINT `FK6D66338FC017A7` FOREIGN KEY (`productId`) REFERENCES `item` (`Id`),
  CONSTRAINT `FK6D6633F47C51AD` FOREIGN KEY (`cartId`) REFERENCES `cart` (`cartId`)
) ENGINE=InnoDB DEFAULT CHARSET=utf8;
/*!40101 SET character_set_client = @saved_cs_client */;

--
-- Dumping data for table `cartitem`
--

LOCK TABLES `cartitem` WRITE;
/*!40000 ALTER TABLE `cartitem` DISABLE KEYS */;
INSERT INTO `cartitem` (`cartItemId`, `price`, `quality`, `cartId`, `productId`) VALUES ('0ec06ca3-6856-4e86-a9bc-b9557e03772b',999,1,'a4ab2f8b-74ce-4c67-b399-631b3a111b3b','45c06b4a-9877-4c4f-a95b-e21c54e6a429'),('153af587-7954-405a-abe7-a0feda4983f4',599,1,'3411bf06-1aca-4140-a2e9-79ba997734b8','6d47e39c-c12c-4fe6-ba86-90040e67cbb4'),('1653f3bb-0657-4ba6-a676-223246a50a31',1299,1,'a4ab2f8b-74ce-4c67-b399-631b3a111b3b','ee443d1f-5aca-42e5-82d1-3da90dc0ff4a'),('23d1cd43-00af-4d37-ad37-dfc00ff3c0bc',7495,5,'a4ab2f8b-74ce-4c67-b399-631b3a111b3b','3eedf9a5-e65d-4285-9e26-ae8926da245e'),('25d1aeda-b583-4a9f-aa2f-da4f6afaa94d',2396,4,'a4ab2f8b-74ce-4c67-b399-631b3a111b3b','6d47e39c-c12c-4fe6-ba86-90040e67cbb4'),('563f7531-2f75-451f-8625-d79fe6253923',499,1,'1fe0efe2-4797-4479-9a2c-c1734fc94036','42222926-eb6d-4b92-a974-4636804d8f26'),('5eb4153a-7389-4432-a36f-820391c15d92',1499,1,'1fe0efe2-4797-4479-9a2c-c1734fc94036','3eedf9a5-e65d-4285-9e26-ae8926da245e'),('6a2cf319-5408-4010-bf6b-4f99dede3dc7',1299,1,'1fe0efe2-4797-4479-9a2c-c1734fc94036','ee443d1f-5aca-42e5-82d1-3da90dc0ff4a'),('6b10d5d1-753d-4805-b028-e9eb9e393ef5',1797,3,'1fe0efe2-4797-4479-9a2c-c1734fc94036','6d47e39c-c12c-4fe6-ba86-90040e67cbb4'),('7973f292-76c6-4fd7-a513-57c907b906aa',998,2,'a4ab2f8b-74ce-4c67-b399-631b3a111b3b','42222926-eb6d-4b92-a974-4636804d8f26'),('7e7c1bbf-f5d1-4287-b8d5-5e6bb319488d',1499,1,'1fe0efe2-4797-4479-9a2c-c1734fc94036','914ca0cd-3ed3-4fd7-a17c-00be39bbb3a5'),('94b4ad3d-9d23-4413-b489-23d08db727b9',1299,1,'a4ab2f8b-74ce-4c67-b399-631b3a111b3b','4948c7f8-2d2d-4e51-864a-1c08cd678e14'),('9f29b7b0-4622-4749-88d2-ce415fafdd39',2598,2,'a4ab2f8b-74ce-4c67-b399-631b3a111b3b','e2a3eb82-02c0-403b-9cd4-4bc2d4fee11f'),('a9fdca5a-a54f-4ac7-834c-76da80dccfa3',1399,1,'1fe0efe2-4797-4479-9a2c-c1734fc94036','fe45d6f5-9bd6-497d-9320-b425b67b4c75'),('b24db2d2-0cfc-4e95-885f-3b3ca604010d',2397,3,'a4ab2f8b-74ce-4c67-b399-631b3a111b3b','53ddc4e4-9926-41b9-ac30-5a0820f155c6'),('b7f954e7-83da-4b60-a474-67a669f7dcbb',599,1,'1fe0efe2-4797-4479-9a2c-c1734fc94036','6d47e39c-c12c-4fe6-ba86-90040e67cbb4'),('c4f7af69-9a23-4191-9ff8-87710fa469e3',399,1,'a4ab2f8b-74ce-4c67-b399-631b3a111b3b','85b9cc77-136d-46d9-93c6-b4275c3f3b70'),('cb9e7726-6e14-461d-bbbd-37070fd392e7',499,1,'3411bf06-1aca-4140-a2e9-79ba997734b8','3cb60efa-b106-4b99-90a1-40272f48fc4b'),('d2728be9-47f5-4308-b3ea-25efa824abde',1699,1,'1fe0efe2-4797-4479-9a2c-c1734fc94036','b7a5bd0e-869f-4dcf-91ab-b3a86dae50d0'),('e57bedb4-caa2-4381-80fb-75626089bdda',1299,1,'3411bf06-1aca-4140-a2e9-79ba997734b8','ee443d1f-5aca-42e5-82d1-3da90dc0ff4a'),('eaa1aae2-8351-4c97-b1a3-599618c639e6',998,2,'1fe0efe2-4797-4479-9a2c-c1734fc94036','3cb60efa-b106-4b99-90a1-40272f48fc4b'),('f65d92c4-e36e-4b05-9bfd-cc9ab9ef1c7c',1699,1,'3411bf06-1aca-4140-a2e9-79ba997734b8','b7a5bd0e-869f-4dcf-91ab-b3a86dae50d0'),('ff73f72d-e562-4f07-9230-a4675516cba5',1497,3,'a4ab2f8b-74ce-4c67-b399-631b3a111b3b','3cb60efa-b106-4b99-90a1-40272f48fc4b');
/*!40000 ALTER TABLE `cartitem` ENABLE KEYS */;
UNLOCK TABLES;

--
-- Table structure for table `customer`
--

DROP TABLE IF EXISTS `customer`;
/*!40101 SET @saved_cs_client     = @@character_set_client */;
/*!40101 SET character_set_client = utf8 */;
CREATE TABLE `customer` (
  `customerId` varchar(255) NOT NULL,
  `customerPhone` varchar(255) DEFAULT NULL,
  `firstName` varchar(255) DEFAULT NULL,
  `lastName` varchar(255) DEFAULT NULL,
  `billingAddressId` varchar(255) DEFAULT NULL,
  `cartId` varchar(255) DEFAULT NULL,
  `shippingAddressId` varchar(255) DEFAULT NULL,
  `userId` varchar(255) DEFAULT NULL,
  PRIMARY KEY (`customerId`),
  KEY `FK24217FDEF47C51AD` (`cartId`),
  KEY `FK24217FDEF733FAF5` (`shippingAddressId`),
  KEY `FK24217FDE1433B443` (`userId`),
  KEY `FK24217FDE900DACBF` (`billingAddressId`),
  CONSTRAINT `FK24217FDE1433B443` FOREIGN KEY (`userId`) REFERENCES `users` (`userId`),
  CONSTRAINT `FK24217FDE900DACBF` FOREIGN KEY (`billingAddressId`) REFERENCES `billingAddress` (`billindAddressId`),
  CONSTRAINT `FK24217FDEF47C51AD` FOREIGN KEY (`cartId`) REFERENCES `cart` (`cartId`),
  CONSTRAINT `FK24217FDEF733FAF5` FOREIGN KEY (`shippingAddressId`) REFERENCES `shippingAddress` (`shippingAddressId`)
) ENGINE=InnoDB DEFAULT CHARSET=utf8;
/*!40101 SET character_set_client = @saved_cs_client */;

--
-- Dumping data for table `customer`
--

LOCK TABLES `customer` WRITE;
/*!40000 ALTER TABLE `customer` DISABLE KEYS */;
INSERT INTO `customer` (`customerId`, `customerPhone`, `firstName`, `lastName`, `billingAddressId`, `cartId`, `shippingAddressId`, `userId`) VALUES ('1583ea7f-854b-429c-8cf4-2de8d382511e','6473338888','test2','Chen','a14d6dab-98b1-4ff4-b99a-95d2363b7dd9','1fe0efe2-4797-4479-9a2c-c1734fc94036','de04c763-ed99-4f50-b85b-1d567968f139','610883b1-d0fa-4488-97e3-44cf935ba828'),('2b1f1186-8ef6-4ddc-95fd-e68b4a29e665','dd','test5','dd','bcf77891-9694-43ff-b544-86bed36ea40e','8f296bb9-f419-4594-bff5-a7de8c74471b','5c61fc0a-884a-401a-9f56-adcb18edc3c9','ec7ece62-cfb5-4cd1-83d2-4519507d8361'),('51be4c14-41c3-4d13-b76e-63c6f7cb68b3','1-888-666-8888','admin','demo','c94f3856-5cdf-4495-87c9-5608297910d8','8cbcf7a5-3181-4eea-91ee-d8d25578f520','91e8c0d8-87ae-42ae-a1a8-c834cf0d9658','104c9aae-0da7-4584-93de-c312a7539ad4'),('536c0b50-63d7-4055-b7ed-b630d7e97e0b','9059408690','chenp02','Chen','e09d380a-9c1d-41bc-897c-0ee2572519c7','a67f1427-efef-4eb0-8302-1dad9fa19e07','6e76353c-2611-4fa0-9f1d-711bd8708d40','6580d8e9-07cd-4b9d-a158-7846eaaec80d'),('5b8e16c1-5ed8-4a72-a9ac-9dac6b65b772','9059408690','chenp02@gmail.com','Chen','cdd2a99e-3ca3-4805-9691-1952d0b413f6','b62b10c8-be1a-49d4-a026-2dad279b6bb6','1804da71-c270-48d0-8f86-0b02d58daf97','89594f70-47e8-47da-ba2a-fd23235c0e3d'),('5b9d4e58-96b5-43f1-a638-94a966393b0e','647-333-8888','test1','Chen','c77c8cd8-9b39-4192-9e5c-234b105a544e','a4ab2f8b-74ce-4c67-b399-631b3a111b3b','3990ed06-a98b-47d9-a41f-e1a5617c8c59','08e52fbf-1f37-4ccc-b152-0ba69bc1f8f6'),('7afd399e-8daa-4d8e-8adb-a31d9db4f242','8008668888','test4','Chen','9dbf72d7-f0d6-4b94-a37a-b6db77169e72','6c445c1a-3110-4d6f-b571-f14e27b86fe7','11cc15a6-45cf-47f5-a6f0-5245c151b7d1','14078d72-ad57-4941-9804-8522cd2a7a80'),('943df735-b44e-4081-9681-e9ab4d656222','6473338888','test3','Chen','0f505fbf-095d-470a-b624-11a04310fa87','3411bf06-1aca-4140-a2e9-79ba997734b8','0169388b-ac6f-4da4-a1bc-6a1ebd31ac94','b62e8e5d-9a07-4af5-a7f6-c3a1ef2410cb'),('a644d6c8-9948-42a2-86e8-78f512701c24','905-500-4900','Hongwu','Chen','7ef0bd75-c8db-4a78-8991-de389d187cd3','5f3b488d-413b-46f4-a6fa-d6e3b38000f4','f3627f33-31d8-4a15-acc0-58aec55cdff5','a5d55289-d14e-4411-b45b-ecceeb89d35e');
/*!40000 ALTER TABLE `customer` ENABLE KEYS */;
UNLOCK TABLES;

--
-- Table structure for table `customerorder`
--

DROP TABLE IF EXISTS `customerorder`;
/*!40101 SET @saved_cs_client     = @@character_set_client */;
/*!40101 SET character_set_client = utf8 */;
CREATE TABLE `customerorder` (
  `customerOrderId` varchar(255) NOT NULL,
  `billingAddressId` varchar(255) DEFAULT NULL,
  `cartId` varchar(255) DEFAULT NULL,
  `customerId` varchar(255) DEFAULT NULL,
  `shippingAddressId` varchar(255) DEFAULT NULL,
  PRIMARY KEY (`customerOrderId`),
  KEY `FK811B4230F47C51AD` (`cartId`),
  KEY `FK811B423017CAAA9` (`customerId`),
  KEY `FK811B4230F733FAF5` (`shippingAddressId`),
  KEY `FK811B4230900DACBF` (`billingAddressId`),
  CONSTRAINT `FK811B423017CAAA9` FOREIGN KEY (`customerId`) REFERENCES `customer` (`customerId`),
  CONSTRAINT `FK811B4230900DACBF` FOREIGN KEY (`billingAddressId`) REFERENCES `billingAddress` (`billindAddressId`),
  CONSTRAINT `FK811B4230F47C51AD` FOREIGN KEY (`cartId`) REFERENCES `cart` (`cartId`),
  CONSTRAINT `FK811B4230F733FAF5` FOREIGN KEY (`shippingAddressId`) REFERENCES `shippingAddress` (`shippingAddressId`)
) ENGINE=InnoDB DEFAULT CHARSET=utf8;
/*!40101 SET character_set_client = @saved_cs_client */;

--
-- Dumping data for table `customerorder`
--

LOCK TABLES `customerorder` WRITE;
/*!40000 ALTER TABLE `customerorder` DISABLE KEYS */;
INSERT INTO `customerorder` (`customerOrderId`, `billingAddressId`, `cartId`, `customerId`, `shippingAddressId`) VALUES ('25cba1bf-dfd1-407a-9c4a-4c7c5c0f8e29','c77c8cd8-9b39-4192-9e5c-234b105a544e','a4ab2f8b-74ce-4c67-b399-631b3a111b3b','5b9d4e58-96b5-43f1-a638-94a966393b0e','3990ed06-a98b-47d9-a41f-e1a5617c8c59'),('2ef28d14-8237-455c-8ee3-4f34438f1016','c77c8cd8-9b39-4192-9e5c-234b105a544e','a4ab2f8b-74ce-4c67-b399-631b3a111b3b','5b9d4e58-96b5-43f1-a638-94a966393b0e','3990ed06-a98b-47d9-a41f-e1a5617c8c59'),('30fbb3ef-72c2-4897-8654-78330caa1bc4','c77c8cd8-9b39-4192-9e5c-234b105a544e','a4ab2f8b-74ce-4c67-b399-631b3a111b3b','5b9d4e58-96b5-43f1-a638-94a966393b0e','3990ed06-a98b-47d9-a41f-e1a5617c8c59'),('326fecc5-34de-485c-b70f-e92cb2971d6d','c77c8cd8-9b39-4192-9e5c-234b105a544e','a4ab2f8b-74ce-4c67-b399-631b3a111b3b','5b9d4e58-96b5-43f1-a638-94a966393b0e','3990ed06-a98b-47d9-a41f-e1a5617c8c59'),('4cecf3fa-20f2-4c76-bb5e-c4c77df524b4','c77c8cd8-9b39-4192-9e5c-234b105a544e','a4ab2f8b-74ce-4c67-b399-631b3a111b3b','5b9d4e58-96b5-43f1-a638-94a966393b0e','3990ed06-a98b-47d9-a41f-e1a5617c8c59'),('6d747dd7-c15f-4f93-9c23-dac48aeef170','c77c8cd8-9b39-4192-9e5c-234b105a544e','a4ab2f8b-74ce-4c67-b399-631b3a111b3b','5b9d4e58-96b5-43f1-a638-94a966393b0e','3990ed06-a98b-47d9-a41f-e1a5617c8c59'),('6ee51d11-0c77-435c-aebf-c5957eb2f062','c77c8cd8-9b39-4192-9e5c-234b105a544e','a4ab2f8b-74ce-4c67-b399-631b3a111b3b','5b9d4e58-96b5-43f1-a638-94a966393b0e','3990ed06-a98b-47d9-a41f-e1a5617c8c59'),('75645e97-382c-4849-b583-4051da7f1bd6','c77c8cd8-9b39-4192-9e5c-234b105a544e','a4ab2f8b-74ce-4c67-b399-631b3a111b3b','5b9d4e58-96b5-43f1-a638-94a966393b0e','3990ed06-a98b-47d9-a41f-e1a5617c8c59'),('7c53a4c2-16c1-4677-8c17-2bcf2bb37624','c77c8cd8-9b39-4192-9e5c-234b105a544e','a4ab2f8b-74ce-4c67-b399-631b3a111b3b','5b9d4e58-96b5-43f1-a638-94a966393b0e','3990ed06-a98b-47d9-a41f-e1a5617c8c59'),('8bbf1014-be1b-4ef6-8054-1e679a6bfa75','c77c8cd8-9b39-4192-9e5c-234b105a544e','a4ab2f8b-74ce-4c67-b399-631b3a111b3b','5b9d4e58-96b5-43f1-a638-94a966393b0e','3990ed06-a98b-47d9-a41f-e1a5617c8c59'),('9c3c3676-6dac-4fbe-a791-185ba50469b7','c77c8cd8-9b39-4192-9e5c-234b105a544e','a4ab2f8b-74ce-4c67-b399-631b3a111b3b','5b9d4e58-96b5-43f1-a638-94a966393b0e','3990ed06-a98b-47d9-a41f-e1a5617c8c59'),('d1de48ad-9a7c-4fce-8e31-acbee7566551','c77c8cd8-9b39-4192-9e5c-234b105a544e','a4ab2f8b-74ce-4c67-b399-631b3a111b3b','5b9d4e58-96b5-43f1-a638-94a966393b0e','3990ed06-a98b-47d9-a41f-e1a5617c8c59');
/*!40000 ALTER TABLE `customerorder` ENABLE KEYS */;
UNLOCK TABLES;

--
-- Table structure for table `item`
--

DROP TABLE IF EXISTS `item`;
/*!40101 SET @saved_cs_client     = @@character_set_client */;
/*!40101 SET character_set_client = utf8 */;
CREATE TABLE `item` (
  `Id` varchar(255) NOT NULL,
  `category` varchar(255) DEFAULT NULL,
  `description` text,
  `manufacturer` varchar(255) DEFAULT NULL,
  `name` varchar(255) NOT NULL,
  `price` double NOT NULL,
  `unit` varchar(255) DEFAULT NULL,
  PRIMARY KEY (`Id`)
) ENGINE=InnoDB DEFAULT CHARSET=utf8;
/*!40101 SET character_set_client = @saved_cs_client */;

--
-- Dumping data for table `item`
--

LOCK TABLES `item` WRITE;
/*!40000 ALTER TABLE `item` DISABLE KEYS */;
INSERT INTO `item` (`Id`, `category`, `description`, `manufacturer`, `name`, `price`, `unit`) VALUES ('09580248-b039-43f6-ae5d-63f1705585dc','Android','HUAWEI 麦芒6  精彩全面屏\r\n更大视野，更好体验年轻的双眼，总渴望看到更多可能。华为首款全面屏手机——HUAWEI 麦芒6，采用中轴设计，拥有18:9的屏幕比例，5.9英寸大屏更能带给你酣畅淋漓的视觉享受。在浏览网页、观看视频、游戏对战时，减少了滚动屏幕的操作，视野更广，更畅快便捷。     *FHD+屏为1080*2160像素分辨率\r\n\r\n前置智能柔光双摄\r\n自拍，从此美好成双一颗镜头捕捉影像，一颗镜头负责虚化，照片过渡更加真实自然。升级的双人自拍虚化效果，让美好成双。搭配影棚风格智能柔光灯，根据外在环境亮度自动调节柔光强度，120度大发光角度，光线覆盖范围更广，更均匀。柔光灯优化的暗光拍摄，细节生动鲜活。经典美人光的“蝴蝶光”大片即拍即得，媲美明星写真。    \r\n    * 1300万主摄像头+200万像素专业虚化摄像头\r\n\r\n\r\n  后置双摄\r\n随心聚焦你的视点1600万像素后置双摄*，入微细节与深邃景深都能灵动捕捉。优化的拍照虚化效果，真实不矫作。虚化程度可以手动调节，让你的拍摄层次丰富。更可以先拍照后对焦，创造更多可能。不只是人，景物也可以虚化，在纷繁世界中聚焦你的个性视点。* 1600万主摄像头+200万像素专业虚化摄像头\r\n\r\n持久续航\r\n想玩，就敢玩快节奏的今天，怎么舍得错过分分钟的纷呈精彩？HUAWEI 麦芒6 拥有3340mAh大电池（典型值），电力强劲，让你无需担心追剧、打游戏、摄录视频等高耗电使用场景，HUAWEI 麦芒6，让你放心玩。\r\n\r\n强劲性能\r\n手握通关利器，更无往不利搭载麒麟659八核处理器，拥有4GB+64GB大存储组合，更有EMUI 5.1深度优化系统，久用不卡顿。\r\n大型手游也能流畅运行，快速切换，HUAWEI 麦芒6是你在游戏世界无往不利、轻松通关的利器。     \r\n\r\n趣味功能\r\n不同的操作，相同的便捷\r\nNFC功能*：	手机变身公交卡、地铁卡，既可以给原有的公交卡、地铁卡充值，又可以直接用手机刷地铁、公交。一机在手，出门更方便。\r\n精彩时刻：	基于拍照的时间和地点，自动生成精彩集锦相册，无论自赏还是分享，一键搞定。\r\n扫题：	对准题目扫一扫，详实答案立现，助力学习提升，学习、辅导两相宜。\r\n分屏操作：	边看视频边聊天，购物的同时做比价，学英文不耽误查字典，分屏显示，免去来回切换程序的麻烦，能“一心二用”的才是好产品。\r\n       *NFC支持刷公交卡和刷地铁卡,该功能需要配合当地运营商的SIM卡使用。\r\n给公交卡和地铁卡充值功能,需当地的公交和地铁公司的应用支持。\r\n以上页面中的产品图片及屏幕内容仅作示意，实物产品效果（包括但不限于外观、颜色、尺寸）和屏幕显示内容（包括但不限于背景、UI、配图）可能略有差异，请以实物为准。\r\n\r\n以上页面中的数据为理论值，均来自华为内部实验室，于特定测试环境下所得（请见各项具体说明），实际使用中可能因产品个体差异、软件版本、使用条件和环境因素不同略有不同，请以实际使用的情况为准。\r\n\r\n由于产品批次和生产供应因素实时变化，为尽可能提供准确的产品信息、规格参数、产品特性，华为可能实时调整和修订以上页面中的文字表述、图片效果等内容，以求与实际产品性能、规格、指数、零部件等信息相匹配。\r\n\r\n如遇确有进行上述修改和调整必要的情形，恕不专门通知。\r\n\r\n服务热线\r\n400-830-8300 / 800-830-8300（座机）\r\n\r\n普通话 7*24小时 微信客服在线客服零售店查询服务中心查询\r\n购买产品\r\n智能手机\r\n笔记本&平板\r\n智能穿戴\r\n智能家居\r\n移动宽带\r\n配件\r\n服务与支持\r\n保修政策\r\n预约服务\r\n寄修服务\r\n保修状态查询\r\n维修配件价格\r\n维修进度查询\r\n环保回收\r\n联系我们\r\n应用与下载\r\n预置应用公示\r\n店面元素下载\r\n新闻中心\r\n华为新闻\r\n华为视频\r\n关于我们\r\n关于我们\r\n华为商城\r\n企业业务\r\n运营商网络\r\n华为海洋\r\n华为集团\r\n加入华为\r\nCN 访问花粉俱乐部  关注我们   关注花粉俱乐部  \r\n网站地图使用条款隐私政策关于cookies法律信息版权所有 © 华为技术有限公司 1998-2017。保留一切权利。 粤A2-20044005号','华为','华为 麦芒6',399,'100000'),('18351bc1-6edd-44ef-8513-ff29e08981f0','Android','HUAWEI P9\r\n华为 | 徕卡联合设计\r\n瞬间, 定格视界的角度\r\n手机摄影的再一次突破\r\n\r\nHuawei and Leica logo\r\n手机摄影的再一次突破\r\n与徕卡一起，走入这个精彩纷呈的世界。HUAWEI P9采用徕卡SUMMARIT系列双镜头，更好的亮度和清晰度表现，使拍摄相片和视频变得更加轻松。捕捉瞬息精彩，留住经典时刻。\r\n\r\n技术参数\r\n \r\n瞬间, 定格视界的角度\r\nHUAWEI P9 创新性的采用徕卡双镜头，配合强劲的软硬件，使你在拍摄高质量照片的同时兼具机身的圆润、紧凑和时尚。\r\n\r\n双摄像头的组合，一加一远大于二\r\n溢彩流光，悦目动人，这将是HUAWEI P9 拍摄的画面带给你的第一感受。彩色与黑白的交融，将经典的徕卡影像展现在你的面前。\r\n\r\n后置的1200万像素黑白和彩色双摄像头，拍摄效果可不仅仅是两个1200万像素镜头拍摄这么简单。在拍照的过程中，双摄像头同时工作，黑白镜头捕捉细节，成像更清晰；彩色镜头捕捉颜色，色彩更饱满，加上华为特有的图像合成算法,让细节与色彩愈加融合，拍出的画面栩栩如生，惊艳跃于指尖。\r\n\r\n 了解更多\r\n画质清、成像快、对焦准，这才是轻松愉悦的拍摄体验\r\n采用内置双核 ISP 、专业级 DSP 和独立的深度芯片，使HUAWEI P9在对焦、成像和图像处理的速度上都有了更大的提升。\r\n\r\n 了解更多\r\n专业级的相机效果，带来了不可多得的摄影体验\r\nHUAWEI P9能让你体验到一系列的独特功能: 徕卡经典色彩模式、大光圈拍照、徕卡黑白模式，以及支持 RAW 输出的专业模式。通过使用这些功能，你可以得到足以媲美专业级的相片效果。\r\n\r\n 了解更多\r\n无论白天黑夜，展现美好一面\r\n800 万像素的前置摄像头，即使在低光环境下也能展现你的美好一面。\r\n\r\n一上手, 就爱不释手\r\nHUAWEI P9拥有2.5D玻璃与弧形金属后壳的融合性设计、多彩的外观颜色，耀眼而夺目。不仅如此，这次的金属工艺又有了新的突破，金属雕刻纹理及5层陶瓷白镀层工艺的加入，使得HUAWEI P9是那么的与众不同。\r\n\r\nPlay icon\r\n丰富多彩的世界，由此呈现\r\n5.2 英寸全高清 IPS 显示屏，色彩饱和度高达 96%，对比度高，色彩自然逼真,。HUAWEI P9，带你感知这个精彩纷呈的世界。\r\n\r\n精彩不再错过\r\n配备 3000 mAh电池（典型值），电量更充足，玩乐更畅快。\r\n\r\n虚拟三天线技术，通话无忧\r\nSignal+ 2.0 ：HUAWEI P9支持虚拟三天线技术，信号更好、通话质量更佳，而握持手机的角度也不会影响信号的连接。\r\n\r\n畅快连接，飞速上网\r\nWi-Fi+ 2.0 ： HUAWEI P9 能自动对 Wi-Fi 热点进行排序，优先连接优质信号。\r\n\r\n安全精准，方便可靠\r\nHUAWEI P9带来更进一步的安全保障，3D指纹信息识别技术使指纹识别更加安全可靠。\r\n\r\n\r\nHUAWEI P9\r\n琥珀金\r\n               \r\n产品颜色、外形、界面及功能仅供参考，实际产品可能有所不同。\r\n\r\n琥珀金，又称丝绒金。丝绒金为电商平台首发，产品实质颜色一样，包装略有区别。\r\n\r\n以上页面中的产品图片及屏幕内容仅作示意，实物产品效果（包括但不限于外观、颜色、尺寸）和屏幕显示内容（包括但不限于背景、UI、配图）可能略有差异，请以实物为准。\r\n\r\n以上页面中的数据为理论值，均来自华为内部实验室，于特定测试环境下所得（请见各项具体说明），实际使用中可能因产品个体差异、软件版本、使用条件和环境因素不同略有不同，请以实际使用的情况为准。\r\n\r\n由于产品批次和生产供应因素实时变化，为尽可能提供准确的产品信息、规格参数、产品特性，华为可能实时调整和修订以上页面中的文字表述、图片效果等内容，以求与实际产品性能、规格、指数、零部件等信息相匹配。\r\n\r\n如遇确有进行上述修改和调整必要的情形，恕不专门通知。\r\n\r\n服务热线\r\n400-830-8300 / 800-830-8300（座机）\r\n\r\n普通话 7*24小时 微信客服在线客服零售店查询服务中心查询\r\n购买产品\r\n智能手机\r\n笔记本&平板\r\n智能穿戴\r\n智能家居\r\n移动宽带\r\n配件\r\n服务与支持\r\n保修政策\r\n预约服务\r\n寄修服务\r\n保修状态查询\r\n维修配件价格\r\n维修进度查询\r\n环保回收\r\n联系我们\r\n应用与下载\r\n预置应用公示\r\n店面元素下载\r\n新闻中心\r\n华为新闻\r\n华为视频\r\n关于我们\r\n关于我们\r\n华为商城\r\n企业业务\r\n运营商网络\r\n华为海洋\r\n华为集团\r\n加入华为\r\nCN 访问花粉俱乐部  关注我们   关注花粉俱乐部  \r\n网站地图使用条款隐私政策关于cookies法律信息版权所有 © 华为技术有限公司 1998-2017。保留一切权利。 粤A2-20044005号','华为','华为 P9',799,'100'),('36e8dc5c-11d2-44f3-8bb4-81887a67018f','Android','张艺兴定制6GB+128GB高配版，享受粉丝礼遇 HUAWEI nova 2s 张艺兴定制版手机，拥有6GB+128GB存储组合，\r\n并配以专属彩盒与张艺兴电子签名，附赠《SHEEP》音乐专辑，带给你粉丝专享礼遇。      HUAWEI nova 2s张艺兴定制版手机，仅限“浅艾蓝”6GB+128GB版本\r\n\r\n偶像，\r\n就要每天都能看得见 张艺兴精心挑选8张锁屏图片，帅气还是优雅，\r\n每一面都希望被你看见；\r\n提供限量版高清专属卡片，打造可以换图的手机壳；\r\n内置五支视频，让你看到不一样的张艺兴。      \r\n\r\n把偶像的宠溺，\r\n随时带在身边 由张艺兴亲自挑选手机主题，给你专属的宠爱；\r\n铃声收入新专辑歌曲，每天都想唱给你听；\r\n并亲自录制起床铃声，把清晨第一声问候带给你。    \r\n\r\n双面玻璃 可以触摸的光影流转 HUAWEI nova 2s采用双面玻璃材质，轻盈水漾的光影诠释出透亮的视觉美。\r\n曜石黑、银钻灰、樱粉金、浅艾蓝、相思红，五种颜色，五种律动。\r\n置于手中，如同灵动的水波，为你吸引众多目光。    \r\n\r\n6.0英寸全面屏 精彩即刻开场 HUAWEI nova 2s拥有6.0英寸全面屏2，画面更加开阔震撼。18:9的屏幕，让画面多显示12.5%的场景3，是游戏迷的好搭档。\r\n它还支持40种应用快速分屏4，可以边看视频，边聊天，操作便捷，一心二用。     \r\n\r\n前置双摄像头\r\n让热爱自拍的你成为焦点 当你拥有HUAWEI nova 2s，得到一张满意的自拍很简单。\r\n前置2000万像素高清镜头搭配200万景深镜头，\r\n可实现单反级背景虚化的艺术效果*。\r\n更有先拍照后对焦的自拍功能，焦点随你选择。 \r\n\r\n裸妆美颜+广光谱还原柔光灯\r\n让美尽显自然 自然美是自拍的高境界。HUAWEI nova 2s双镜头智能识别面部信息，\r\n配合立体裸妆美颜算法，呈现立体的面部轮廓。前置广光谱还原柔光灯5，\r\n能自动感知环境光线，智能调节补光效果，真实还原肤色*。    \r\n\r\n百变背景，有故事的自拍随手就来 HUAWEI nova 2s前置双镜头，配合AI图形处理技术，轻松将人景分离，自由更换背景。\r\n只需按下快门，各种主题和风景随你穿越，浪漫热情的海滩，时尚华丽的街道，\r\n处处都会留下令人赞叹的好照片*。  \r\n\r\n\r\n\r\n\r\n\r\n\r\n\r\n\r\n\r\n\r\n\r\n后置2000万双摄，双f/1.8大光圈\r\n暗光拍照更懂夜的美 HUAWEI nova 2s后置2000万黑白+1600万彩色仿生双镜头，\r\n模拟人眼成像机制，分别捕捉细节和色彩，拍照时精密协作，\r\n让照片清晰如双眼所见。双f/1.8大光圈和多帧图像融合技术，\r\n让暗光拍摄更出色。配合独立ISP图像处理器，\r\n手机实时计算景深，丰富照片层次，轻松拍出好照片*。      \r\n\r\n对焦快 好照片就出得快 拍照总是随性而起，快速对焦才能抓住清晰瞬间。\r\nHUAWEI nova 2s应用了双核快速对焦+对比度对焦的方式，\r\n双倍对焦面积，大幅提升对焦精度和速度*。 \r\n\r\n动态特写 想追的都能追到手 快速变幻的世界里，总有想追寻的一刻。当然，这需要你拥有一个追拍功能强大的手机。HUAWEI nova 2s配置了动态特写功能6，\r\n在拍摄视频时只需提前设定追拍主体，手机就能自动追焦，自动变焦缩放，记录精彩运动时刻变得简单*。  \r\n\r\n6GB大运存7，智慧EMUI 8.0\r\n更持久的流畅体验 HUAWEI nova 2s的流畅操作得益于高性能麒麟960八核芯片和\r\n智慧化EMUI 8.0系统的高效配合，手机久用也不卡顿。\r\n3340mAh大电池和智能省电5.0技术的加持，让你尽情玩3D游戏，\r\n看视频，充分满足娱乐所需。        \r\n\r\n智能操作 更多功能更懂你 更多智能操作的乐趣为你而来。HUAWEI nova 2s增加了智慧识屏功能8，\r\n通过双指长按就可以智能识别屏幕中的文字，搜索电影、餐饮、\r\n快递等讯息，生成服务卡片，实时查询。\r\n它还可以将喜爱的信息添加至稍后阅读卡片，实现更便利的阅读体验。    \r\n\r\n人脸识别，快速解锁\r\n专属你的密码 HUAWEI nova 2s拥有毫秒级的人脸识别解锁方式9，\r\n不仅可以瞬间认出你，而且精确的面部识别技术，能辨别照片、\r\n视频等伪造替代品，更有效防止睡眠闭眼状态解锁，\r\n带给你更便捷的解锁方式。 \r\n\r\n内置NFC芯片 购物、出行一触闪付 HUAWEI nova 2s支持NFC刷卡，内置的Huawei Pay已实现63家银行卡闪付刷卡。\r\n手机还能代替你的交通卡10，实现刷手机乘坐公交地铁。出门免找卡，充值免排队，让出行更便捷。   \r\n\r\n独立HiFi芯片，多重音质优化 在独立HiFi芯片的处理下，HUAWEI nova 2s的音质大为提升。\r\nHisten 4.0音效算法高度还原外放声音的细节和清晰度，听歌就像听现场。\r\n兴致来了，用手机K歌，实时耳返功能可实现耳机与麦克音频同步，\r\n即刻还原KTV沉浸音效，嗨歌更尽兴。    \r\n\r\n\r\n1.   屏幕圆角尺寸为5.93英寸；前置摄像头为2000万+200万像素、后置摄像头为2000万+1600万像素\r\n2.   全面屏手机是指目前业界通用的概念，业界通常认为是指窄边框和高屏占比的手机\r\n3.   与HUAWEI nova 2 Plus相比\r\n4.   如使用分屏显示，需要应用支持该功能\r\n5.   前置广光谱还原柔光灯最高显色指数达90%\r\n6.   动态特写功能需要HOTA升级后支持\r\n7.   除6GB运行内存外，另配备4GB 运行内存的产品选项\r\n8.   智慧识屏功能开通时将提示获取信息种类，经用户同意后才可启用\r\n9.   面部解锁功能需要HOTA升级后支持\r\n10. NFC刷交通卡功能已支持北京市政交通一卡通/上海公共交通卡/岭南通/深圳通/苏州市民卡/武汉通/广西交通一卡通 刷卡；公交卡开通时，会收取相应服务费用\r\n*    拍照功能演示中使用的照片非实拍图，仅供参考\r\n以上页面中的产品图片及屏幕内容仅作示意，实物产品效果（包括但不限于外观、颜色、尺寸）和屏幕显示内容（包括但不限于背景、UI、配图）可能略有差异，请以实物为准。\r\n以上页面中的数据为理论值，均来自华为内部实验室，于特定测试环境下所得（请见各项具体说明），实际使用中可能因产品个体差异、软件版本、使用条件和环境因素不同略有不同，请以实际使用的情况为准。\r\n由于产品批次和生产供应因素实时变化，为尽可能提供准确的产品信息、规格参数、产品特性，华为可能实时调整和修订以上页面中的文字表述、图片效果等内容，以求与实际产品性能、规格、指数、零部件等信息相匹配。\r\n如遇确有进行上述修改和调整必要的情形，恕不专门通知。\r\n服务热线\r\n400-830-8300 / 800-830-8300（座机）\r\n\r\n普通话 7*24小时 微信客服在线客服零售店查询服务中心查询\r\n购买产品\r\n智能手机\r\n笔记本&平板\r\n智能穿戴\r\n智能家居\r\n移动宽带\r\n配件\r\n服务与支持\r\n保修政策\r\n预约服务\r\n寄修服务\r\n保修状态查询\r\n维修配件价格\r\n维修进度查询\r\n环保回收\r\n联系我们\r\n应用与下载\r\n预置应用公示\r\n店面元素下载\r\n新闻中心\r\n华为新闻\r\n华为视频\r\n关于我们\r\n关于我们\r\n华为商城\r\n企业业务\r\n运营商网络\r\n华为海洋\r\n华为集团\r\n加入华为\r\nCN 访问花粉俱乐部  关注我们   关注花粉俱乐部  \r\n网站地图使用条款隐私政策关于cookies法律信息版权所有 © 华为技术有限公司 1998-2017。保留一切权利。 粤A2-20044005号','华为','华为 Nova 2S',788,'10000'),('37cba0fa-da57-4b12-84e8-3f4cb7356003','Android','华为畅享7\r\n尺寸\r\n宽度:71mm长度:143.5mm厚度:8.05mm\r\n重量\r\n约145g（含电池）\r\n\r\n颜色\r\n流光金香槟金粉色黑色红色蓝色\r\n屏幕\r\n类型：IPS触摸屏\r\n\r\n尺寸：5英寸\r\n\r\n分辨率：1280×720（HD）\r\n\r\n色彩：1600万色\r\n\r\n处理器\r\n型号：高通MSM8917\r\n\r\n核数：四核\r\n\r\n主频：4*Cortex A53 1.4GHz\r\n\r\n操作系统\r\nAndroid 7.0\r\n\r\n存储\r\nRAM：2/3GB（备注：可使用的内存容量小于此值，因为手机软件占用的空间）\r\n\r\nROM：16/32GB（备注：可使用的内存容量小于此值，因为手机软件占用的空间）\r\n\r\n外部存储扩展Micro SD卡 最高支持：128GB（非标配）\r\n\r\n网络制式\r\n全网通版：\r\n\r\nTD-LTE/LTE FDD/ WCDMA/HSPA/HSPA+/CDMA2000/\r\n\r\nTD-SCDMA/ GSM/GPRS/EDGE/CDMA\r\n\r\n支持中国移动4G/3G/2G，中国联通4G/3G/2G，中国电信4G/3G/2G\r\n\r\n移动版*：\r\n\r\nTD-LTE/LTE FDD/ WCDMA/HSPA/HSPA+/CDMA2000/\r\n\r\nTD-SCDMA/ GSM/GPRS/EDGE/CDMA\r\n\r\n支持中国移动4G/3G/2G，中国联通4G/3G/2G，中国电信4G/3G/2G\r\n\r\n定位\r\nGPS/AGPS/Glonass\r\n\r\n数据连接\r\nWLAN：802.11 b/g/n，2.4GHz\r\n\r\n蓝牙：V4.1\r\n\r\nUSB：2.0\r\n\r\n感应器\r\n加速度传感器：支持\r\n\r\n环境光传感器：支持\r\n\r\n接近传感器：支持\r\n\r\n拍摄功能\r\n后置摄像头：1300万像素\r\n\r\n前置摄像头：500万像素\r\n\r\n支持：专业模式、美肤、全景后置、全景自拍、HDR、有声照片、熄屏快拍、声控拍照、定时拍照、触摸拍照、延时摄影、慢动作、前置补光、笑脸抓拍等功能；支持PDAF自动相位对焦\r\n\r\n音频\r\n音频文件格式：*.mp3、*.mid、*.amr、*.awb、*.3gp、*.mp4、*.m4a、*.aac、*.wav、*.ogg、*.flac、*.mkv\r\n\r\n视频\r\n视频文件格式：*.3gp、*.mp4、*.webm、*.mkv\r\n\r\nEMOTION UI\r\n华为EMUI 5.1\r\n\r\n电池\r\n容量：3020mAh (典型值)\r\n\r\n软件名称\r\n华为终端智能设备人机交互通信软件V2.0\r\n\r\n包装清单\r\n手机(电池内置) x 1\r\n\r\n充电器 x 1\r\n\r\nUSB数据线 x 1\r\n\r\n快速指南、保修卡、标签等 x 1\r\n\r\nTP保护膜（工厂已贴） x 1\r\n\r\n取卡针 x 1\r\n\r\nSIM卡类型\r\n三选二卡座：卡1：Nano SIM 卡；卡2：Nano SIM或Micro SD （二选一）\r\n\r\n*备注：全网通版本规则：\r\n\r\n支持中国移动的4G/3G/2G、中国联通的4G/3G/2G、中国电信的4G/3G/2G\r\n\r\n*如果两张都是电信卡，只有一张电信卡可以使用。\r\n\r\n*卡槽1、2可任意切换为主卡、副卡;\r\n\r\n移动定制版规则：\r\n\r\n支持中国移动的4G/3G/2G、中国联通的4G/3G/2G、中国电信的4G/3G/2G\r\n\r\n*如果两张都是电信卡，只有一张电信卡可以使用。\r\n\r\n*移动卡+非移动卡在位：移动卡默认为4G主卡，且用户不可修改。\r\n\r\n移动卡+移动卡在位：用户可自行设置主卡。\r\n\r\n没有移动卡在位：用户可自行设置4G主卡。\r\n\r\n注：移动卡停用后，用户可自行切换到非移动卡为4G主卡。\r\n购买\r\n华为畅享7华为畅享7华为畅享7\r\n华为畅享7\r\n看得到的精致 触得到的品质\r\n\r\n2.5D弧面玻璃配合轻薄机身，外观圆润；金属后壳采用柔性喷砂工艺，手感细腻，质感十足。背部的指纹键，采用新一代指纹触控技术，0.5 秒即可解锁*。更支持华为钱包、支付宝一指闪付、指纹拍照等多种功能，更多便捷操控体验，就在你的指尖。\r\n\r\n华为畅享7华为畅享7华为畅享7\r\n华为畅享7华为畅享7 *数据来自华为实验室，供参考\r\n华为畅享7\r\n享受畅快 玩得更痛快\r\n\r\n3GB+32GB存储组合*1，搭配高通骁龙芯片，系统运行更流畅，让你轻松并行多个APP，畅玩手机游戏，乐趣享不停。搭载F2FS智能文件管理系统，后台智能整理系统碎片，长久使用也不易卡顿。更支持 128GB Micro SD 卡扩展*2，将心仪大片装进手机，出门在外也可畅快欣赏。\r\n\r\n华为畅享7华为畅享7\r\n华为畅享7\r\n*1 3GB+32GB为高配版本，标配版本为2GB+16GB  *2 Micro SD卡需要另行购买\r\n\r\n华为畅享7华为畅享7\r\n定格心动时刻 珍藏美好回忆\r\n\r\n后置1300万像素摄像头，支持PDAF相位对焦技术，大幅提升对焦效率，轻松捕捉值得纪念的瞬间。前置500万像素摄像头，搭配十级美肤功能，让你拍出不一样的灵动之美。\r\n\r\n华为畅享7华为畅享7华为畅享7\r\n华为畅享7\r\n华为畅享7华为畅享7华为畅享7华为畅享7\r\n3020mAh大电池 持久续航玩不停\r\n\r\n3020mAh（典型值）大容量电池为华为畅享7注入充足能量，800次充放电循环，容量保持率仍大于80%*1，配合智电5.0，持久耐用。一次充电，即可连续播放15小时*2高清视频或畅享12小时*34G上网冲浪，玩不停歇。\r\n\r\n华为畅享7华为畅享7华为畅享7\r\n华为畅享7\r\n*1数据来自华为实验室，供参考\r\n\r\n*2-*3使用数据来源于华为实验室测试结果，指在温度25℃，相对湿度：45%~80%环境下：\r\n\r\n上网：屏幕亮度60nits, 4G信号强度大于-90dBm，浏览静态网页\r\n\r\n视频：屏幕亮度60nits，飞行模式，耳机播放本地720P视频文件，50%音量\r\n\r\n实际时间可能因手机使用具体条件而发生变化\r\n\r\n华为畅享7\r\n更简洁的系统 更养眼的保护\r\n\r\n得益于采用EMUI5.1系统（Android 7.0），华为畅享7的操作界面与交互逻辑更加简洁，90%的常用操控3步即达*。骚扰电话拦截、华为智能助手、Huawei Share等多种安全保护与贴心智慧服务，便捷你的生活。更拥有由国家眼科诊断与治疗工程技术研究中心提供指导的护眼模式，可有效过滤屏幕蓝光辐射，缓解用眼疲劳。\r\n\r\n华为畅享7华为畅享7\r\n华为畅享7\r\n*数据来自华为实验室，供参考\r\n\r\n华为畅享7\r\n华为畅享7\r\n华为畅享7华为畅享7华为畅享7华为畅享7华为畅享7华为畅享7\r\n*以上页面中的产品图片及屏幕内容仅作示意，实物产品效果（包括但不限于外观、颜色、尺寸）和屏幕显示内容（包括但不限于背景、UI、配图）可能略有差异，请以实物为准。\r\n以上页面中的数据为理论值，均来自华为内部实验室，于特定测试环境下所得（请见各项具体说明），实际使用中可能因产品个体差异、软件版本、使用条件和环境因素不同略有不同，请以实际使用的情况为准。\r\n由于产品批次和生产供应因素实时变化，为尽可能提供准确的产品信息、规格参数、产品特性，华为可能实时调整和修订以上页面中的文字表述、图片效果等内容，以求与实际产品性能、规格、指数、零部件等信息相匹配。\r\n如遇确有进行上述修改和调整必要的情形，恕不专门通知。\r\n服务热线\r\n400-830-8300 / 800-830-8300（座机）\r\n\r\n普通话 7*24小时 微信客服在线客服零售店查询服务中心查询\r\n购买产品\r\n智能手机\r\n笔记本&平板\r\n智能穿戴\r\n智能家居\r\n移动宽带\r\n配件\r\n服务与支持\r\n保修政策\r\n预约服务\r\n寄修服务\r\n保修状态查询\r\n维修配件价格\r\n维修进度查询\r\n环保回收\r\n联系我们\r\n应用与下载\r\n预置应用公示\r\n店面元素下载\r\n新闻中心\r\n华为新闻\r\n华为视频\r\n关于我们\r\n关于我们\r\n华为商城\r\n企业业务\r\n运营商网络\r\n华为海洋\r\n华为集团\r\n加入华为\r\nCN 访问花粉俱乐部  关注我们   关注花粉俱乐部  \r\n网站地图使用条款隐私政策关于cookies法律信息版权所有 © 华为技术有限公司 1998-2017。保留一切权利。 粤A2-20044005号','华为','华为畅享7',459,'100000'),('3cb60efa-b106-4b99-90a1-40272f48fc4b','Android','HUAWEI nova 青春版\r\n浪漫流光，跃动手中\r\n\r\n精致双面2.5D弧面玻璃，嵌于钻切高光金属边框中，造就机身舒适握感，并大幅提升跌落可靠性。魅海蓝与樱语粉背部的流光水波纹，采用17层光学处理工艺，融合浪漫与靓丽的双重美感，兼具张扬与优雅的双面气质，仿若灵动水面折射出光的梦幻盈彩，幻如乐章。美的姿态，因光的波动而不拘一格。\r\n\r\n\r\n\r\n强劲性能，持久畅快\r\n\r\n搭载工作主频高至2.36GHz的麒麟658处理器*，使用深度优化、持久流畅的EMUI 5.1系统（基于安卓7.0系统），配备4GB+64GB存储组合，三位一体，相辅相成。强劲内在实力，让你无论是玩大型3D游戏，还是看百兆高清视频，都能享受简洁流畅操控体验，生活工作娱乐自在游走。\r\n\r\n\r\n*该芯片正常工作状态下最高频率为2.1GHz，\r\n\r\n部分重任务场景下（如游戏），最高频率可提升至2.36GHz。\r\n\r\n\r\n柔光护眼屏\r\n让所见更舒适\r\n\r\nHUAWEI nova 青春版拥有5.2英寸in-cell FHD屏幕，配合像素级视频显示增强引擎，视觉体验更精彩，明暗层次、细节展现更清晰。内置14颗LED背光灯，独立背光芯片实现高精度的亮度调控，各种光线环境下都能以恰到好处的柔光亮度保护双眼，让你放心享受长时间的追剧、看书时光。\r\n\r\n\r\n\r\n自拍背景虚化\r\n只为聚焦你的美\r\n\r\n800万前置摄像头，搭配与单反大光圈类似的虚化功能，抹掉四周纷乱，只为聚焦你的美；新一代10级美肤，拍出贴近自然好气色，水润肌肤，美出自我。\r\n\r\n\r\n\r\n1.25μm大像素，夜拍清晰亦动人\r\n\r\n后置1200万像素摄像头，单个像素可达1.25μm，进光量大幅提升。支持相位对焦、反差对焦，即使在暗光环境中对焦依然准且快，瞬息美好都被惟妙捕捉。\r\n\r\n\r\n\r\n快充10分钟，追剧2小时*1\r\n\r\n华为自主研发的9V2A安全快充技术，让你感受更快更安全的快充体验，HUAWEI nova 青春版充电10分钟可连续观看视频2小时*2。同时，配备3000mAh（典型值）大电池，智能省电5.0技术通过优化关键部分，大幅提升手机续航时间，给你自在畅玩新体验。\r\n\r\n*1*2\r\n充电数据和使用数据来源于华为实验室测试结果，\r\n\r\n指在温度25℃，相对湿度：24%~60%环境下：\r\n\r\n充电：使用HUAWEI 9V2A标配充电器与原装充电线，\r\n\r\n从2%电量开始，待机状态下灭屏充电。\r\n\r\n观看视频：飞行模式下，屏幕亮度60nits，耳机播放\r\n\r\n720P视频文件，中等音量\r\n\r\n实际时间可能因手机使用具体条件而发生变化。\r\n\r\n\r\n\r\n一指灵犀，便捷贴心\r\n\r\nHUAWEI nova 青春版让你的手指享受更多便捷操作体验：指关节敲击截屏，画“S形”长截屏，双指关节敲击录屏，指纹拍照，支付宝一指快付。更多手指应用体验，更多小惊喜。\r\n\r\n\r\n\r\n安全，源自专业保护\r\n\r\n芯片级安全解决方案，能主动甄别过滤伪基站发出的诈骗短信、电话，保障用户安全。并特设支付保护中心，从下载源头到支付整个过程，都为手机支付类应用创造安全隔离的支付环境。\r\n\r\n\r\n\r\n*以上所有图片仅供参考，请以实物为准，\r\n\r\n所有数据均来自华为实验室\r\n\r\n立即购买\r\n以上页面中的产品图片及屏幕内容仅作示意，实物产品效果（包括但不限于外观、颜色、尺寸）和屏幕显示内容（包括但不限于背景、UI、配图）可能略有差异，请以实物为准。\r\n\r\n以上页面中的数据为理论值，均来自华为内部实验室，于特定测试环境下所得（请见各项具体说明），实际使用中可能因产品个体差异、软件版本、使用条件和环境因素不同略有不同，请以实际使用的情况为准。\r\n\r\n由于产品批次和生产供应因素实时变化，为尽可能提供准确的产品信息、规格参数、产品特性，华为可能实时调整和修订以上页面中的文字表述、图片效果等内容，以求与实际产品性能、规格、指数、零部件等信息相匹配。\r\n\r\n如遇确有进行上述修改和调整必要的情形，恕不专门通知。\r\n\r\n服务热线\r\n400-830-8300 / 800-830-8300（座机）\r\n\r\n普通话 7*24小时 微信客服在线客服零售店查询服务中心查询\r\n购买产品\r\n智能手机\r\n笔记本&平板\r\n智能穿戴\r\n智能家居\r\n移动宽带\r\n配件\r\n服务与支持\r\n保修政策\r\n预约服务\r\n寄修服务\r\n保修状态查询\r\n维修配件价格\r\n维修进度查询\r\n环保回收\r\n联系我们\r\n应用与下载\r\n预置应用公示\r\n店面元素下载\r\n新闻中心\r\n华为新闻\r\n华为视频\r\n关于我们\r\n关于我们\r\n华为商城\r\n企业业务\r\n运营商网络\r\n华为海洋\r\n华为集团\r\n加入华为\r\nCN 访问花粉俱乐部  关注我们   关注花粉俱乐部  \r\n网站地图使用条款隐私政策关于cookies法律信息版权所有 © 华为技术有限公司 1998-2017。保留一切权利。 粤A2-20044005号','华为','HUAWEI nova 青春版',499,'100000'),('3eedf9a5-e65d-4285-9e26-ae8926da245e','Android','视界，出众 材质与设计的创新突破，赋予HUAWEI Mate 10 Pro出色的视觉体验，细腻温润的触感。\r\n6英寸屏幕，18:9 修长机身，更易握持，窄边框配合OLED全面屏*，打造无界的沉浸视野。\r\n考究的四曲面玻璃设计，让光影在机身流转变幻，呈现别样的设计之美。    *全面屏手机是目前业界通用的概念，业界通常认为是指窄边框和高屏占比的手机\r\n常见的手机屏幕长宽比一般为16:9、 18:9、 18.5:9、 19.5:9等等 \r\n\r\n预见，未来HUAWEI Mate 10 Pro搭载新一代麒麟970芯片，结合EMUI 8.0智慧系统，学习用户使用习惯，懂你所需。\r\nAI慧眼识物，智能识别十余种拍照场景*1，自动调校拍照参数，大片随手拍。\r\n随行翻译，实时翻译文本、语音、照片并支持离线翻译*2，沟通无边界。\r\n智慧识屏，双指按压屏幕，就可以将文章或对话分解成易于选取的字和词，轻松搜索、复制和分享。          *1夜景，蓝天，绿植，雪景等\r\n*2部分功能支持离线翻译\r\n\r\n高效，长久HUAWEI Mate 10 Pro基于AI的用户行为学习，带来更持久的流畅体验。同时拥有更强大的图形计算能力，\r\n轻松驾驭多种大型3D游戏和设计软件。4000mAh（典型值）高密度电池、智慧节电技术、\r\nHUAWEI SuperCharge快充技术（德国莱茵TÜV安全认证），续航更持久。          \r\n\r\n又见，徕卡HUAWEI Mate 10 Pro采用徕卡SUMMILUX-H双镜头，光圈升级至双ƒ/1.6大光圈，进光量大幅提升，拍照更清晰。\r\n灵眸快拍，精彩瞬间，不再错过。智美夜拍，灯火阑珊，也能轻松记录。\r\n更多手机摄影可能，等你来发掘。            \r\n\r\n投屏，无界看电影，手机屏幕不过瘾？查资料，文字太小累眼睛？\r\nHUAWEI Mate 10 Pro可外接显示设备*，支持异源投屏，大屏幕与手机显示不同内容，一机两用。\r\n更可配合蓝牙鼠键，实现PC化办公。生活和工作，乐趣和效率，都有一方自在天地。 *需转接设备，支持VGA/HDMI接口\r\n\r\n简洁，不凡EMUI 8.0是集人工智能与艺术之美的又一次大成，通过学习用户使用习惯，带来更人性化的使用感受。\r\nHuawei Share，手机直连配对，轻松完成文件高速传输。指关节操作，省时又有趣。\r\n智能分屏，两个界面同时进行，看电影和聊天互不影响。            \r\n\r\n安全，守护内置inSE安全芯片实现金融级安全防护*1，手机盾功能有效保护移动支付安全。\r\n防伪基站侦测技术，预防电信诈骗。指纹切换，一步进入手机隐私空间。\r\n如果不慎将手机丢失，也可以通过“查找我的手机”*2远程锁定并追踪设备，守护你的信息安全。            *1通过央行《中国金融移动支付》标准\r\n*2需要设置查找我的手机功能 \r\n\r\n畅行，世界支持双卡双4G*1全网通以及Wi-Fi双天线，网络连接高速稳定，\r\n天际通境外上网功能*2，境外出行无需更换手机，一部HUAWEI Mate 10 Pro伴你畅游世界。              *1双卡4G网络使用，需要根据运营商网络和相关业务部署情况确定是否支持。后续手机软件功能可能跟随网络匹配升级，请以手机实际版本支持功能为准。不支持两张电信卡同时使用。\r\n*2共有80多个国家和地区支持天际通付费全球移动数据服务。活动期间，购机即送1GB境外流量，免费流量领取/使用时间：2017年10月20日00:00-2018年10月20日24:00，免费流量在天际通全球移动数据服务范围内支持跨国使用，启用后使用有效期24小时。 \r\n\r\n防溅抗水HUAWEI Mate 10 Pro具备IP67防溅抗水等级，精雕细琢，以实现抗水，防溅和防尘性能*。 *HUAWEI Mate 10 Pro并非专业防水手机，在正常使用状态下可防溅、抗水、防尘，\r\n  在受控实验室条件下经测试，其效果在IEC 60529 标准下达到 IP67 级别。防溅、抗水、\r\n  防尘功能并非永久有效，防护性能可能会因日常磨损而下降。请勿为潮湿状态下的\r\n  HUAWEI Mate 10 Pro充电；请参阅使用手册了解清洁和干燥说明。由于浸入液体\r\n  而导致的损坏不在保修范围之内 \r\n\r\n扣动，心弦HUAWEI Mate 10 Pro出色的影音品质，带来动人心弦的感官享受。轻声耳语和智能亮音，让彼此的声音穿透嘈杂世界，\r\n清晰直抵对方。支持Hi-Res高清音质和HDR10视频播放，带来高品质视听盛宴。        \r\n\r\n精彩，更多商务/车载/影音套包*1、智能全景视窗皮套、 HUAWEI VR 2*2等。\r\n更多智能体验，更多精彩陪伴。          *1商务套包：扩展坞、转接线\r\n  车载套包：华为SuperCharge车载快速充电器、磁吸保护壳、车载支架\r\n  影音套包：全景相机、华为运动蓝牙耳机\r\n*2需单独购买\r\n\r\n\r\n\r\n以上页面中的产品图片及屏幕内容仅作示意，实物产品效果（包括但不限于外观、颜色、尺寸）和屏幕显示内容（包括但不限于背景、UI、配图）可能略有差异，请以实物为准。\r\n\r\n以上页面中的数据为理论值，均来自华为内部实验室，于特定测试环境下所得（请见各项具体说明），实际使用中可能因产品个体差异、软件版本、使用条件和环境因素不同略有不同，请以实际使用的情况为准。\r\n\r\n由于产品批次和生产供应因素实时变化，为尽可能提供准确的产品信息、规格参数、产品特性，华为可能实时调整和修订以上页面中的文字表述、图片效果等内容，以求与实际产品性能、规格、指数、零部件等信息相匹配。\r\n\r\n如遇确有进行上述修改和调整必要的情形，恕不专门通知。\r\n\r\n服务热线\r\n400-830-8300 / 800-830-8300（座机）\r\n\r\n普通话 7*24小时 微信客服在线客服零售店查询服务中心查询\r\n购买产品\r\n智能手机\r\n笔记本&平板\r\n智能穿戴\r\n智能家居\r\n移动宽带\r\n配件\r\n服务与支持\r\n保修政策\r\n预约服务\r\n寄修服务\r\n保修状态查询\r\n维修配件价格\r\n维修进度查询\r\n环保回收\r\n联系我们\r\n应用与下载\r\n预置应用公示\r\n店面元素下载\r\n新闻中心\r\n华为新闻\r\n华为视频\r\n关于我们\r\n关于我们\r\n华为商城\r\n企业业务\r\n运营商网络\r\n华为海洋\r\n华为集团\r\n加入华为\r\nCN 访问花粉俱乐部  关注我们   关注花粉俱乐部  \r\n网站地图使用条款隐私政策关于cookies法律信息版权所有 © 华为技术有限公司 1998-2017。保留一切权利。 粤A2-20044005号','华为','华为 Mate 10 Pro',1499,'100000'),('42222926-eb6d-4b92-a974-4636804d8f26','Android','\r\n\r\n华为畅享7 Plus\r\n尺寸\r\n宽度:76.4mm长度:153.6mm厚度:8.35mm\r\n重量\r\n约165g（含电池）\r\n\r\n颜色\r\n香槟金粉色黑色蓝色流光金灰色银色\r\n屏幕\r\n类型：IPS液晶显示屏\r\n\r\n尺寸：5.5英寸\r\n\r\n分辨率：1280×720（HD）\r\n\r\n色彩：1600万色\r\n\r\n处理器\r\n型号：高通MSM8940\r\n\r\n核数：8核\r\n\r\n主频：4*Cortex A53 1.4GHz + 4*Cortex A53 1.1GHz\r\n\r\n操作系统\r\nAndroid 7.0\r\n\r\n存储\r\nRAM：3/4GB（备注：可使用的内存容量小于此值，因为手机软件占用的空间）\r\n\r\nROM：32/64GB（备注：可使用的内存容量小于此值，因为手机软件占用的空间）\r\n\r\n拓展microSD卡最大支持：128GB（非标配）\r\n\r\n网络制式\r\n全网通版：支持中国移动4G/3G/2G，中国联通4G/3G/2G，中国电信4G/3G/2G\r\n\r\n移动版*：支持中国移动4G/3G/2G，中国联通4G/3G/2G，中国电信4G/3G/2G\r\n\r\n定位\r\nGPS/AGPS/Glonass/北斗\r\n\r\n数据连接\r\nWLAN：802.11 b/g/n，2.4GHz\r\n\r\n蓝牙：BT4.1+BLE\r\n\r\nUSB：USB2.0，USB共享网络，USB充电\r\n\r\n感应器\r\n指纹传感器：支持\r\n\r\n重力感应器：支持\r\n\r\n光线传感器：支持\r\n\r\n接近传感器：支持\r\n\r\n指南针：支持\r\n\r\n拍摄功能\r\n后置摄像头：1200万\r\n\r\n前置摄像头：800万\r\n\r\n拍摄模式：支持专业模式、美肤、全景、HDR、有声照片、熄屏快拍、笑脸抓拍、声控拍照、定时拍照、触摸拍照、延时摄影等功能\r\n\r\n音频\r\n音频文件格式：*.mp3、*.mid、*.amr、*.awb、*.3gp、*.mp4、*.m4a、*.aac、*.wav、*.ogg、*.flac、*.mkv\r\n\r\n视频\r\n视频文件格式：*.3gp、*.mp4、*.webm、*.mkv\r\n\r\nEMOTION UI\r\n华为EMUI 5.1\r\n\r\n电池\r\n容量：4000mAh （典型值）\r\n\r\n软件名称\r\n华为终端智能设备人机交互通信软件V2.0\r\n\r\n包装清单\r\n手机(电池内置) x 1\r\n\r\n中式充电器 x 1\r\n\r\n数据线 x 1\r\n\r\n快速指南 x 1\r\n\r\nTP保护膜（工厂已贴） x 1\r\n\r\n取卡针 x 1\r\n\r\n售后服务手册 x 1\r\n\r\nSIM卡类型\r\nNano SIM卡；卡槽1（内卡槽）、卡槽2（外卡槽）可任意切换为主卡、副卡*。\r\n\r\n卡槽2（外卡槽）支持Nano SIM和microSD二选一\r\n\r\n*备注：移动定制版规则：\r\n\r\n支持中国移动的4G/3G/2G、中国联通的4G/3G/2G、中国电信的4G/3G/2G\r\n\r\n*如果两张都是电信卡，只有一张电信卡可以使用。\r\n\r\n*移动卡+非移动卡在位：移动卡默认为4G主卡，且用户不可修改。\r\n\r\n移动卡+移动卡在位：用户可自行设置主卡。\r\n\r\n没有移动卡在位：用户可自行设置4G主卡。\r\n\r\n注：移动卡停用后，用户可自行切换到非移动卡为4G主卡。\r\n\r\n全网通版本规则：\r\n\r\n支持中国移动的4G/3G/2G、中国联通的4G/3G/2G、中国电信的4G/3G/2G\r\n\r\n*如果两张都是电信卡，只有一张电信卡可以使用。\r\n\r\n*卡槽1、2可任意切换为主卡、副卡\r\n\r\n七种色彩 大有精彩\r\n\r\n华为畅享7 plus采用5.5英寸in-cell HD大屏，内置12颗LED背光灯，独立背光芯片实现高精度的亮度调控。金属后壳的圆润曲线设计与柔性喷砂工艺，配合2.5D弧面玻璃，浑然一体，提供更舒适的持握感。熄屏状态下，指纹键快速解锁仅需0.2秒 ，支付宝一指闪付，一步直达支付界面。更有流光金、香槟金、银、灰、粉、蓝、黑七种颜色，多彩搭配，青春如你。\r\n\r\n\r\n* 数据来自华为实验室，供参考\r\n\r\n\r\n\r\n性能更强劲 表现更抢镜\r\n\r\n华为畅享7 plus配置4GB+64GB存储芯片组合*，配合高通八核芯片，激发强劲性能！大容量存储空间，可容纳更多照片视频。智能调度CPU和内存资源，优先级应用启动更快；F2FS智能文件管理系统，后台智能整理系统碎片，手机持续使用依然持久流畅。\r\n\r\n\r\n*4GB+64GB为高配版本，标配版本为3GB+32GB\r\n\r\n\r\n\r\n高清大像素 抓拍更动人\r\n\r\n华为畅享7 plus前置800万像素镜头，F2.0大光圈，搭配美肤模式，自拍更动人。后置1200万像素镜头，F2.2光圈，拥有1.25μm大尺寸像素，进光量更大，暗光环境下能抓取更多细节，夜拍更动人。搭配PDAF相位对焦技术，对焦速度提升至0.3秒*，快速对焦，抓拍更动人。\r\n\r\n\r\n*数据来自华为实验室，供参考\r\n\r\n\r\n\r\n十足大能量 畅享玩不停\r\n\r\n华为畅享7 plus拥有4000mAh（典型值）大容量电池，更有搭载前台场景智能省电技术和后台进程智能管控技术的智电5.0，专注为你省电。强劲的续航能力，让掌上的玩乐更加持久，连续高清视频播放可达20小时，连续4G上网可达15小时。* 此外，更支持反向充电等OTG功能。\r\n\r\n\r\n*使用数据来源于华为实验室测试结果，指在温度25℃，相对湿度：45%~80%环境下：\r\n\r\n上网：屏幕亮度60nits, 4G信号强度大于-90dBm，浏览静态网页。\r\n\r\n视频：屏幕亮度60nits，飞行模式，耳机播放本地720P视频文件，50%音量。\r\n\r\n实际时间可能因手机使用具体条件而发生变化。\r\n\r\n\r\n界面养眼 更可护眼\r\n\r\n采用基于Android7.0的EMUI5.1系统*1，界面简洁纯净，交互简单流畅，90%的常用操控，3步内即达*2。华为智能助手、Huawei Share*3、云相册、运动健康等多种智能服务更贴心；支付保护中心，骚扰电话拦截，多重安全保护更安心。更拥有护眼模式，由国家眼科诊断与治疗工程技术研究中心提供技术指导，可有效过滤屏幕蓝光，缓解用眼疲劳。\r\n\r\n\r\n*1部分功能存在定制化差异\r\n\r\n*2数据来自华为实验室，供参考\r\n\r\n*3适用于EMUI5.0以上系统\r\n\r\n*以上所有图片仅供参考，请以实物为准，所有数据均来自华为实验室。\r\n以上页面中的产品图片及屏幕内容仅作示意，实物产品效果（包括但不限于外观、颜色、尺寸）和屏幕显示内容（包括但不限于背景、UI、配图）可能略有差异，请以实物为准。\r\n\r\n以上页面中的数据为理论值，均来自华为内部实验室，于特定测试环境下所得（请见各项具体说明），实际使用中可能因产品个体差异、软件版本、使用条件和环境因素不同略有不同，请以实际使用的情况为准。\r\n\r\n由于产品批次和生产供应因素实时变化，为尽可能提供准确的产品信息、规格参数、产品特性，华为可能实时调整和修订以上页面中的文字表述、图片效果等内容，以求与实际产品性能、规格、指数、零部件等信息相匹配。\r\n\r\n如遇确有进行上述修改和调整必要的情形，恕不专门通知。\r\n\r\n服务热线\r\n400-830-8300 / 800-830-8300（座机）\r\n\r\n普通话 7*24小时 微信客服在线客服零售店查询服务中心查询\r\n购买产品\r\n智能手机\r\n笔记本&平板\r\n智能穿戴\r\n智能家居\r\n移动宽带\r\n配件\r\n服务与支持\r\n保修政策\r\n预约服务\r\n寄修服务\r\n保修状态查询\r\n维修配件价格\r\n维修进度查询\r\n环保回收\r\n联系我们\r\n应用与下载\r\n预置应用公示\r\n店面元素下载\r\n新闻中心\r\n华为新闻\r\n华为视频\r\n关于我们\r\n关于我们\r\n华为商城\r\n企业业务\r\n运营商网络\r\n华为海洋\r\n华为集团\r\n加入华为\r\nCN 访问花粉俱乐部  关注我们   关注花粉俱乐部  \r\n网站地图使用条款隐私政策关于cookies法律信息版权所有 © 华为技术有限公司 1998-2017。保留一切权利。 粤A2-20044005号','华为','华为畅享7 plus',499,'100000'),('45c06b4a-9877-4c4f-a95b-e21c54e6a429','Android','华为Mate 9华为Mate 9华为Mate 9华为Mate 9华为Mate 9\r\n 华为Mate 9\r\n快，令人惊叹\r\n\r\n新一代旗舰芯片 华为麒麟960\r\n\r\nHUAWEI Mate 9搭载的麒麟960芯片， 八核CPU较上一代数据处理能力大幅提升；Mali G71八核GPU\r\n相较上一代在图形处理性能上提升180%。结合比上一代技术提速100%的UFS2.1高速闪存，带来难以\r\n想象的高速与流畅。\r\n\r\n华为Mate 9华为Mate 9华为Mate 9华为Mate 9了解更多\r\n华为Mate 9华为Mate 9\r\n 华为Mate 9 \r\n与专业相机更近一步\r\n\r\n第二代徕卡双镜头 2倍双摄变焦\r\n\r\n为了成就更加清晰动人的影像，第二代徕卡双镜头继承了\r\n徕卡对镜头及图形质量的严苛要求，整体成像比上一代镜头\r\n更进一步。创新使用双摄技术实现2倍双摄变焦，远景细腻呈现；\r\n大光圈模式2.0，调节景深、虚化背景，画面层次更加分明。\r\n双摄PIXEL BINNING技术，提升1倍亮度，无论白天还是夜晚，\r\n都是你的随身摄影搭档。\r\n\r\n华为Mate 9华为Mate 9华为Mate 9华为Mate 9了解更多\r\n华为Mate 9\r\n 华为Mate 9华为Mate 9 \r\n改写“续航”定义\r\n\r\nHUAWEI SuperCharge 安全疾速续能\r\n\r\n传承HUAWEI Mate系列DNA，4000mAh（典型值）\r\n高密度电池与新一代智电技术5.0配合恰到好处，带来更长的\r\n续航体验。\r\n不仅如此，HUAWEI SuperCharge快充技术，支持5A快充，\r\n充电30分钟可连续观看视频12小时*。安全方面，识别不同\r\n充电器及数据线，匹配智能快充方案；更有15层安全保护\r\n机制，让手机使用更安心。\r\n\r\n华为Mate 9华为Mate 9华为Mate 9了解更多 *数据来自华为实验室，具体时间视使用环境而定\r\n 华为Mate 9  华为Mate 9华为Mate 9 \r\n化繁为简，交互革命\r\n\r\nEMUI 5.0智能系统\r\n\r\n从爱琴海岸浪漫的蓝白色调中得到启迪，衍生出EMUI5.0\r\n洁净舒畅的界面风格；以水为灵感，设计出恬静自然的动态\r\n效果。\r\n世界越复杂，我们越简单。EMUI 5.0智能操作系统中90%\r\n的常用操控，3步之内即可完成，旨在引领一场简洁高效的\r\n交互革命。\r\n\r\n华为Mate 9华为Mate 9华为Mate 9华为Mate 9了解更多\r\n 华为Mate 9\r\n金融级安全守护\r\n\r\n金融级安全芯片 立体式保护\r\n\r\nHUAWEI Mate 9拥有通过央行和银联安全认证的*1 、集成到Kirin960 SoC的金融级安全芯片，更有芯片级\r\n防伪基站侦测技术，预防电信诈骗，守护你的信息安全。你还可以通过不同指纹认证快速切换到不同系统\r\n空间，生活和工作一指轻松分开。即使手机丢失，还能通过查找我的手机功能*2 ，远程删除个人隐私数据。\r\n\r\n华为Mate 9华为Mate 9*3华为Mate 9华为Mate 9华为Mate 9了解更多\r\n* 1 通过央行《中国金融移动支付》标准和中国银联\r\n《银联卡芯片（集成电路）安全认证》标准\r\n* 2 需要设置查找我的手机功能\r\n* 3 Huawei Pay适配工商银行、中国银行、建设银行、交通银行、\r\n中信银行等等在内的36家银行\r\n 华为Mate 9\r\n饕餮视听盛宴\r\n\r\n4K高清录像 横屏立体声\r\n\r\n拥有新一代高性能Hi6403音频芯片，HUAWEI Mate 9给你带来沉浸式视听享受。双Smart PA设计，竖屏\r\n时高低音分频，横屏时左右立体声。4K高清摄像，画面如丝般细腻，高压缩编码技术还能节省至多50%的\r\n存储空间*。创新的4Mic 指向性拾音技术，清晰记录你想记录。\r\n\r\n华为Mate 9华为Mate 9华为Mate 9华为Mate 9了解更多\r\n华为Mate 9华为Mate 9*压缩比视片源情况而有所不同\r\n 华为Mate 9 \r\n行广阔世界\r\n\r\n支持世界主流频段 4Mic降噪丽音\r\n\r\nHUAWEI Mate 9支持1334个运营商、217个国家/地区轻松漫游，\r\n副卡还支持GSM/CDMA/WCDMA。采用LTE-Advanced Cat.12\r\n基带，峰值下行速率可达600Mbps*1，理论上15s内即可完成一部\r\n1G的高清电影下载。更有天际通*2 功能，海外出行无需购买当地\r\n电话卡或外置上网设备，便可享受便捷的境外通讯和上网服务。\r\n\r\n华为Mate 9华为Mate 9*3华为Mate 9华为Mate 9华为Mate 9了解更多 * 1实际下载速率因运营商网络情况及无线环境不同而变化\r\n* 2共有80多个国家和地区支持天际通付费全球移动数据服务\r\n* 3不支持主副卡为电信+电信的情况\r\n多样配件，让生活更轻松＊\r\n\r\n从智能视窗保护套，到贴心便捷的手机导航套件，多样配件为你打造品质生活。更有HUAWEI\r\nSuperCharge车载快速充电器，能在驾驶过程中轻松实现快速充电，这一切只为让生活更轻松。\r\n\r\n华为Mate 9华为Mate 9华为Mate 9华为Mate 9华为Mate 9*配件需单独购买\r\n华为Mate 9\r\n华为Mate 9\r\n*以上所有图片仅供参考，请以实物为准，所有数据均来自华为实验室。\r\n**充电数据来源于华为实验室测试结果，指在温度25℃，相对湿度：45%~80%环境下，使用HUAWEI\r\nSuperCharge充电器与原装充电线，从1%电量开始，后台仅有4G网络待机状态下灭屏充电。\r\n***使用数据来源于华为实验室测试结果，指在温度25℃，相对湿度：45%~80%环境下：\r\n上网：屏幕亮度60nits, 4G信号强度大于-90dBm，浏览静态网页。\r\n通话：3G网络环境，3G信号强度大于-80dBm，灭屏、耳机模式下，50%音量。\r\n视频：屏幕亮度60nits，4G信号满格，耳机播放本地720P视频文件，50%音量。 \r\n实际时间可能因手机使用具体条件而发生变化。\r\n\r\n服务热线\r\n400-830-8300 / 800-830-8300（座机）\r\n\r\n普通话 7*24小时 微信客服在线客服零售店查询服务中心查询\r\n购买产品\r\n智能手机\r\n笔记本&平板\r\n智能穿戴\r\n智能家居\r\n移动宽带\r\n配件\r\n服务与支持\r\n保修政策\r\n预约服务\r\n寄修服务\r\n保修状态查询\r\n维修配件价格\r\n维修进度查询\r\n环保回收\r\n联系我们\r\n应用与下载\r\n预置应用公示\r\n店面元素下载\r\n新闻中心\r\n华为新闻\r\n华为视频\r\n关于我们\r\n关于我们\r\n华为商城\r\n企业业务\r\n运营商网络\r\n华为海洋\r\n华为集团\r\n加入华为\r\nCN 访问花粉俱乐部  关注我们   关注花粉俱乐部  \r\n网站地图使用条款隐私政策关于cookies法律信息版权所有 © 华为技术有限公司 1998-2017。保留一切权利。 粤A2-20044005号','华为','华为 Mate 9',999,'100'),('46ab6178-9ef4-46c5-b242-813ffee73549','Android','华为P10\r\n摄影\r\n\r\n━━━━\r\n\r\n更专业的人像摄影\r\n化繁，为不凡\r\n\r\nHUAWEI P10采用新一代徕卡双镜头，搭配专业人像摄影模式，替你省去繁琐复杂的参数调教，只需指尖轻触，便可完成一张品质与艺术感兼具的佳作。同时，增加徕卡前置镜头，让你的每一次自拍，都令人赞叹。\r\n\r\n华为P10华为P10华为P10华为P10\r\n华为P10\r\n设计\r\n\r\n━━━━\r\n\r\n美在手心\r\n更打动内心\r\n\r\nHUAWEI P10凝聚当代工艺美学与时尚设计灵感。金属钻雕背纹*，光泽流动。携手PANTONE，将2017年流行色“草木绿”，“钻雕蓝”注入金属机身，带来焕然一新的视觉享受。前置一体指纹，圆润轻薄机身，搭配华为巴黎美学研究所设计的优雅UI主题，内外兼美，让你爱不释手。\r\n\r\n华为P10华为P10华为P10 *仅钻雕金、钻雕蓝版本采用金属钻雕工艺 华为P10\r\n华为P10\r\n科技\r\n\r\n━━━━\r\n\r\n快\r\n令人惊叹\r\n\r\nHUAWEI P10采用新一代EMUI 5.1系统，搭载麒麟960芯片，成功实现了性能提升与功耗平衡的再次突破，带来难以想象的高速与流畅。同时，金融级安全芯片和Huawei Pay*1一指闪付功能，为你的便捷生活保驾护航。HUAWEI SuperCharge技术，快速充电，“治愈”你的低电量焦虑症。\r\n\r\n华为P10华为P10华为P10华为P10华为P10\r\n华为P10华为P10\r\n*以上所有图片仅供参考，请以实物为准。所有数据均来自华为实验室数据\r\n以上页面中的产品图片及屏幕内容仅作示意，实物产品效果（包括但不限于外观、颜色、尺寸）和屏幕显示内容（包括但不限于背景、UI、配图）可能略有差异，请以实物为准。\r\n\r\n以上页面中的数据为理论值，均来自华为内部实验室，于特定测试环境下所得（请见各项具体说明），实际使用中可能因产品个体差异、软件版本、使用条件和环境因素不同略有不同，请以实际使用的情况为准。\r\n\r\n由于产品批次和生产供应因素实时变化，为尽可能提供准确的产品信息、规格参数、产品特性，华为可能实时调整和修订以上页面中的文字表述、图片效果等内容，以求与实际产品性能、规格、指数、零部件等信息相匹配。\r\n\r\n如遇确有进行上述修改和调整必要的情形，恕不专门通知。\r\n\r\n服务热线\r\n400-830-8300 / 800-830-8300（座机）\r\n\r\n普通话 7*24小时 微信客服在线客服零售店查询服务中心查询\r\n购买产品\r\n智能手机\r\n笔记本&平板\r\n智能穿戴\r\n智能家居\r\n移动宽带\r\n配件\r\n服务与支持\r\n保修政策\r\n预约服务\r\n寄修服务\r\n保修状态查询\r\n维修配件价格\r\n维修进度查询\r\n环保回收\r\n联系我们\r\n应用与下载\r\n预置应用公示\r\n店面元素下载\r\n新闻中心\r\n华为新闻\r\n华为视频\r\n关于我们\r\n关于我们\r\n华为商城\r\n企业业务\r\n运营商网络\r\n华为海洋\r\n华为集团\r\n加入华为\r\nCN 访问花粉俱乐部  关注我们   关注花粉俱乐部  \r\n网站地图使用条款隐私政策关于cookies法律信息版权所有 © 华为技术有限公司 1998-2017。保留一切权利。 粤A2-20044005号','华为','华为 P10',1199,'1000'),('4948c7f8-2d2d-4e51-864a-1c08cd678e14','Android','CPU - HUAWEI Kirin 960 CPU, Octa-core 4 x Cortex A73 2.4 GHz 4 x Cortex A53 1.8 GHz\r\nResolution - 1920 x 1080 16M colours, 432 PPI\r\nScreen - 5.1\" FHD\r\nOS - Android OS, v7.0\r\nMemory - 4 GB RAM 128 GB ROM\r\nBattery - 3200 mAh (typical value)\r\nSize - Width:69.3 mm,Height:145.3 mm,Depth:6.98 mm,Weight:About 145 g','华为','Huawe P10',1299,'9999'),('53ddc4e4-9926-41b9-ac30-5a0820f155c6','Android','CPU - HUAWEI Kirin 659 CPU, Octa-core 4 x Cortex A53 2.36 GHz 4 x Cortex A53 1.7 GHz\r\nResolution - 1920 x 1080, 443 PPI\r\nScreen - 5.0\" LTPS\r\nOS - Android OS, v7.0\r\nMemory - 4 GB RAM 64 GB ROM\r\nBattery - 2950 mAh (typical value)\r\nSize - Width:68.9 mm,Height:142.2 mm,Depth:6.9 mm,Weight:About 143g','华为','Huawe Nova2',799,'9999'),('6d47e39c-c12c-4fe6-ba86-90040e67cbb4','Android','张艺兴定制6GB+128GB高配版，享受粉丝礼遇 HUAWEI nova 2s 张艺兴定制版手机，拥有6GB+128GB存储组合， 并配以专属彩盒与张艺兴电子签名，附赠《SHEEP》音乐专辑，带给你粉丝专享礼遇。 偶像， 就要每天都能看得见 张艺兴精心挑选8张锁屏图片，帅气还是优雅， 每一面都希望被你看见； 提供限量版高清专属卡片，打造可以换图的手机壳； 内置五支视频，让你看到不一样的张艺兴。 把偶像的宠溺， 随时带在身边 由张艺兴亲自挑选手机主题，给你专属的宠爱； 铃声收入新专辑歌曲，每天都想唱给你听； 并亲自录制起床铃声，把清晨第一声问候带给你。 双面玻璃 可以触摸的光影流转 HUAWEI nova 2s采用双面玻璃材质，轻盈水漾的光影诠释出透亮的视觉美。 曜石黑、银钻灰、樱粉金、浅艾蓝、相思红，五种颜色，五种律动。 置于手中，如同灵动的水波，为你吸引众多目光。 6.0英寸全面屏 精彩即刻开场 HUAWEI nova 2s拥有6.0英寸全面屏2，画面更加开阔震撼。18:9的屏幕，让画面多显示12.5%的场景3，是游戏迷的好搭档。 它还支持40种应用快速分屏4，可以边看视频，边聊天，操作便捷，一心二用。 前置双摄像头 让热爱自拍的你成为焦点 当你拥有HUAWEI nova 2s，得到一张满意的自拍很简单。 前置2000万像素高清镜头搭配200万景深镜头， 可实现单反级背景虚化的艺术效果*。 更有先拍照后对焦的自拍功能，焦点随你选择。 裸妆美颜+广光谱还原柔光灯 让美尽显自然 自然美是自拍的高境界。HUAWEI nova 2s双镜头智能识别面部信息， 配合立体裸妆美颜算法，呈现立体的面部轮廓。前置广光谱还原柔光灯5， 能自动感知环境光线，智能调节补光效果，真实还原肤色*。 百变背景，有故事的自拍随手就来 HUAWEI nova 2s前置双镜头，配合AI图形处理技术，轻松将人景分离，自由更换背景。 只需按下快门，各种主题和风景随你穿越，浪漫热情的海滩，时尚华丽的街道， 处处都会留下令人赞叹的好照片*。 后置2000万双摄，双f/1.8大光圈 暗光拍照更懂夜的美 HUAWEI nova 2s后置2000万黑白+1600万彩色仿生双镜头， 模拟人眼成像机制，分别捕捉细节和色彩，拍照时精密协作， 让照片清晰如双眼所见。双f/1.8大光圈和多帧图像融合技术， 让暗光拍摄更出色。配合独立ISP图像处理器， 手机实时计算景深，丰富照片层次，轻松拍出好照片*。 对焦快 好照片就出得快 拍照总是随性而起，快速对焦才能抓住清晰瞬间。 HUAWEI nova 2s应用了双核快速对焦+对比度对焦的方式， 双倍对焦面积，大幅提升对焦精度和速度*。 动态特写 想追的都能追到手 快速变幻的世界里，总有想追寻的一刻。当然，这需要你拥有一个追拍功能强大的手机。HUAWEI nova 2s配置了动态特写功能6， 在拍摄视频时只需提前设定追拍主体，手机就能自动追焦，自动变焦缩放，记录精彩运动时刻变得简单*。 6GB大运存7，智慧EMUI 8.0 更持久的流畅体验 HUAWEI nova 2s的流畅操作得益于高性能麒麟960八核芯片和 智慧化EMUI 8.0系统的高效配合，手机久用也不卡顿。 3340mAh大电池和智能省电5.0技术的加持，让你尽情玩3D游戏， 看视频，充分满足娱乐所需。 智能操作 更多功能更懂你 更多智能操作的乐趣为你而来。HUAWEI nova 2s增加了智慧识屏功能8， 通过双指长按就可以智能识别屏幕中的文字，搜索电影、餐饮、 快递等讯息，生成服务卡片，实时查询。 它还可以将喜爱的信息添加至稍后阅读卡片，实现更便利的阅读体验。 人脸识别，快速解锁 专属你的密码 HUAWEI nova 2s拥有毫秒级的人脸识别解锁方式9， 不仅可以瞬间认出你，而且精确的面部识别技术，能辨别照片、 视频等伪造替代品，更有效防止睡眠闭眼状态解锁， 带给你更便捷的解锁方式。 内置NFC芯片 购物、出行一触闪付 HUAWEI nova 2s支持NFC刷卡，内置的Huawei Pay已实现63家银行卡闪付刷卡。 手机还能代替你的交通卡10，实现刷手机乘坐公交地铁。出门免找卡，充值免排队，让出行更便捷。 独立HiFi芯片，多重音质优化 在独立HiFi芯片的处理下，HUAWEI nova 2s的音质大为提升。 Histen 4.0音效算法高度还原外放声音的细节和清晰度，听歌就像听现场。 兴致来了，用手机K歌，实时耳返功能可实现耳机与麦克音频同步， 即刻还原KTV沉浸音效，嗨歌更尽兴。 1. 屏幕圆角尺寸为5.93英寸；前置摄像头为2000万+200万像素、后置摄像头为2000万+1600万像素 2. 全面屏手机是指目前业界通用的概念，业界通常认为是指窄边框和高屏占比的手机 3. 与HUAWEI nova 2 Plus相比 4. 如使用分屏显示，需要应用支持该功能 5. 前置广光谱还原柔光灯最高显色指数达90% 6. 动态特写功能需要HOTA升级后支持 7. 除6GB运行内存外，另配备4GB 运行内存的产品选项 8. 智慧识屏功能开通时将提示获取信息种类，经用户同意后才可启用 9. 面部解锁功能需要HOTA升级后支持 10. NFC刷交通卡功能已支持北京市政交通一卡通/上海公共交通卡/岭南通/深圳通/苏州市民卡/武汉通/广西交通一卡通 刷卡；公交卡开通时，会收取相应服务费用 * 拍照功能演示中使用的照片非实拍图，仅供参考 以上页面中的产品图片及屏幕内容仅作示意，实物产品效果（包括但不限于外观、颜色、尺寸）和屏幕显示内容（包括但不限于背景、UI、配图）可能略有差异，请以实物为准。 以上页面中的数据为理论值，均来自华为内部实验室，于特定测试环境下所得（请见各项具体说明），实际使用中可能因产品个体差异、软件版本、使用条件和环境因素不同略有不同，请以实际使用的情况为准。 由于产品批次和生产供应因素实时变化，为尽可能提供准确的产品信息、规格参数、产品特性，华为可能实时调整和修订以上页面中的文字表述、图片效果等内容，以求与实际产品性能、规格、指数、零部件等信息相匹配。 如遇确有进行上述修改和调整必要的情形，恕不专门通知。\r\n','Huawei','Huawei Nova 2S',599,'1000'),('6eec2493-77ec-4cca-a5d8-b62344a983dd','Android','华为nova2华为nova2华为nova2华为nova2\r\n华为nova2\r\n前置2000万高清镜头\r\n用细节呈现颜值实力\r\n\r\n自拍就是要越美越好，即使颜值再高，也可以让自己更美一些。HUAWEI nova 2 采用2000万前置高清摄像头，更大的感光面积，大幅提升解析度，令人赞叹的自拍细节，为挑剔的你，呈现每一处精彩。\r\n\r\n华为nova2\r\n华为nova2\r\n3D立体光融合算法\r\n定格你的精致“立”颜\r\n\r\nHUAWEI nova 2 开启了美颜4.0智能算法时代，实现了毫米级精准定位。新增的3D立体光融合算法，让自拍立体又精致。更有智能美颜功能，可根据不同性别进行美颜。人像模式还可以识别出人脸区域，实现人像背景虚化，让你的美——时刻是焦点。\r\n\r\n华为nova2华为nova2华为nova2\r\n华为nova2\r\n前置暗光拍摄\r\n补足光线 不减光彩\r\n\r\n光线不够很难得到一张满意的自拍？\r\nHUAWEI nova 2 特别配置LCD智能色温补光和暗光增强引擎，自动感知环境条件，补光模式更加智能，可提供11种不同的色温补光方案*，即使光线再弱，自拍照样精致出众。\r\n\r\n华为nova2华为nova2*HOTA升级实现。\r\n后置光学变焦双镜头 凭实力让你圈粉无数\r\n\r\nHUAWEI nova 2 的双摄像头由1200万广角镜头和800万长焦镜头组成，可充分发挥远景摄影\r\n优势，实现光学变焦效果，轻轻松松即可拍出让人忍不住点赞的好照片。出色的暗光拍摄*1，\r\n得益于F1.8大光圈和1.25μm大像素*2。还有先拍照后对焦功能，即使拍完照片也可以\r\n自由选择焦点位置，随“触”是焦点。\r\n\r\n华为nova2华为nova2华为nova2华为nova2\r\n华为nova2\r\n*1HOTA升级实现。\r\n\r\n*2仅限后置1200万像素摄像头。\r\n\r\n华为nova2\r\n趣味拍照 边拍边玩停不下的乐趣\r\n\r\n年轻人拍照要够酷够有趣，HUAWEI nova 2 不仅能拍出3D动态全景照片*，使拍出的照片呈现\r\n360°立体动态效果，还具备手势自拍功能，只要轻轻一个动作，让你轻松完成自拍。\r\n\r\n华为nova2华为nova2华为nova2*HOTA升级实现。\r\n华为nova2\r\n华为nova2\r\n纤薄设计 精致美学\r\n\r\nHUAWEI nova 2 做工精巧，握持感尤佳，5英寸屏幕，单手操作亦可轻松自如，6.9mm机身更加纤薄，圆润设计元素贯穿产品之中，简约之中更见精美。HUAWEI nova 2 不仅仅是一部手机，更是你的百搭时尚配饰。\r\n\r\n华为nova2\r\n外观多彩\r\n再挑剔也能合心意\r\n\r\nHUAWEI nova 2 为你提供多种颜色选择， 曜石黑、极光蓝、草木绿、玫瑰金、流光金，满足你挑剔的眼光，多彩更时尚。一体化轻薄金属机身，纳米级陶瓷喷砂工艺，金属表面形成温润的反光，层次感分明的工艺中蕴藏匠心。\r\n\r\n华为nova2\r\n专业级音质 \r\n唤醒你的耳朵\r\n\r\n拥有华为Histen自研音频技术的HUAWEI nova 2，汇聚音频算法大师，深度调校，打造更专业的音响效果。配合高保真Hi-Fi芯片和3D环绕音效，当你插上耳机，一场真实震撼的听觉之旅即刻启程。\r\n\r\n华为nova2华为nova2华为nova2\r\n华为nova2\r\nEMUI 5.1搭配麒麟芯片\r\n给你持久的流畅体验\r\n\r\nHUAWEI EMUI 5.1系统，进一步优化升级，力求摆脱繁琐，保留简洁流畅的用户体验。EMUI 5.1与麒麟芯片的深度结合，智能学习你的使用习惯，预测你的行为，使HUAWEI nova 2 越来越懂你。\r\n\r\n华为nova2\r\n华为nova2\r\n安全快充 \r\n快速充电更安心\r\n\r\nHUAWEI nova 2 采用先进的快速充电方案，提升了充电性能，让电量迅速恢复，给你更长久的使用时间，不错过生活中的各种精彩。\r\n\r\n华为nova2\r\nHUAWEI nova 2 畅听特权 开通华为音乐会员即返12花币\r\n\r\nHUAWEI nova 2 系列购机用户，开通华为音乐会员，即可获得12花币的返还。\r\n领取有效期：2017年6月16日—2017年9月16日\r\n\r\n华为nova2华为nova2华为nova2\r\n华为nova2温馨提示： 1、花币领取有效期为发放之日起15天，请尽快领取； 2、开通任意会员，仅限一次充返12花币； 3、如需咨询请联系华为技术支持热线：4008308300\r\n华为nova2\r\nHUAWEI nova 2 畅读特权 专享华为阅读90天VIP特权\r\n\r\nHUAWEI nova 2 系列购机用户， 登录华为阅读，点击“我的”—“任务”—“活动任务”，\r\n即可免费获得90天阅读VIP特权。\r\n领取有效期：2017年6月16日—2017年12月16日\r\n\r\n温馨提示： 如需咨询请联系华为技术支持热线：4008308300\r\n以上页面中的产品图片及屏幕内容仅作示意，实物产品效果（包括但不限于外观、颜色、尺寸）和屏幕显示内容（包括但不限于背景、UI、配图）可能略有差异，请以实物为准。\r\n以上页面中的数据为理论值，均来自华为内部实验室，于特定测试环境下所得（请见各项具体说明），实际使用中可能因产品个体差异、软件版本、使用条件和环境因素不同略有不同，请以实际使用的情况为准。\r\n由于产品批次和生产供应因素实时变化，为尽可能提供准确的产品信息、规格参数、产品特性，华为可能实时调整和修订以上页面中的文字表述、图片效果等内容，以求与实际产品性能、规格、指数、零部件等信息相匹配。\r\n如遇确有进行上述修改和调整必要的情形，恕不专门通知。\r\n服务热线\r\n400-830-8300 / 800-830-8300（座机）\r\n\r\n普通话 7*24小时 微信客服在线客服零售店查询服务中心查询\r\n购买产品\r\n智能手机\r\n笔记本&平板\r\n智能穿戴\r\n智能家居\r\n移动宽带\r\n配件\r\n服务与支持\r\n保修政策\r\n预约服务\r\n寄修服务\r\n保修状态查询\r\n维修配件价格\r\n维修进度查询\r\n环保回收\r\n联系我们\r\n应用与下载\r\n预置应用公示\r\n店面元素下载\r\n新闻中心\r\n华为新闻\r\n华为视频\r\n关于我们\r\n关于我们\r\n华为商城\r\n企业业务\r\n运营商网络\r\n华为海洋\r\n华为集团\r\n加入华为\r\nCN 访问花粉俱乐部  关注我们   关注花粉俱乐部  \r\n网站地图使用条款隐私政策关于cookies法律信息版权所有 © 华为技术有限公司 1998-2017。保留一切权利。 粤A2-20044005号','华为','华为 Nova 2',688,'1000'),('7909f889-cbaa-439c-a93e-a2fdeb3cccc1','Android','CPU - HUAWEI Kirin 960 CPU, Octa-core 4 x Cortex A73 2.4 GHz 4 x Cortex A53 1.8 GHz\r\nResolution - 2560 x 1440(2K) 16M colours, 540 PPI\r\nScreen - 5.5\" FHD\r\nOS - Android OS, v7.0\r\nMemory - 6 GB RAM 256 GB ROM\r\nBattery - 3750 mAh (typical value)\r\nSize - Width:74.2 mm,Height:153.5 mm,Depth:6.98 mm,Weight:About 165 g','华为','Huawei P10 Plus',1399,'9999'),('7ec7dec9-feae-495e-b041-a9aad916b8c1','Android','HUAWEI 麦芒5\r\n尺寸\r\n宽度:75.7mm长度:151.8mm厚度:7.3mm\r\n重量\r\n约160g\r\n\r\n颜色\r\n玫瑰金月光银香槟金\r\n屏幕\r\n屏幕尺寸：5.5 inch\r\n\r\n屏幕材质：IPS\r\n\r\n屏幕色彩：1600万\r\n\r\n分辨率：FHD：1920x1080\r\n\r\n屏幕像素密度：401\r\n\r\n处理器\r\nCPU型号：Qualcomm MSM8953\r\n\r\nCPU核数：8核\r\n\r\nCPU频率：2.0GHz\r\n\r\n操作系统\r\n华为 EMUI 4.1（兼容Android 6.0）\r\n\r\n存储\r\nRAM：2GB\r\n\r\nROM：16GB\r\n\r\n拓展microSD卡最大支持：128GB）\r\n\r\n网络制式\r\nTD-LTE/ FDD-LTE /TD-SCDMA/WCDMA/CDMA1X&EVDO/GSM，支持中国移动4G/3G/2G、中国联通4G/3G/2G、中国电信4G/3G/2G\r\n\r\n定位\r\nGPS/AGPS/Glonass/北斗\r\n\r\n数据连接\r\nUSB：USB2.0\r\n\r\nWLAN：支持WLAN\r\n\r\n蓝牙：BT4.1\r\n\r\n感应器\r\n霍尔传感器、指纹传感器、接近光传感器、指南针、环境光传感器、重力传感器\r\n\r\n拍摄功能\r\n支持：美食、魅我、美肤、前置美妆、全景、HDR、水印、有声照片、熄屏快拍、连拍优选、笑脸抓拍、声控拍照、定时拍照、触摸拍照、延时摄影、流光快门、专业相机、文档校正、超级夜景等模式\r\n\r\n后置摄像头：1600万 AF\r\n\r\n● 照片：16M：4608x3456\r\n\r\n● 录像：4k 30fps\r\n\r\n前置摄像头：8M FF\r\n\r\n● 照片：8M：3264x2448\r\n\r\n● 录像：1080p 30fps\r\n\r\n音频\r\n音频文件格式： *.mp3、*.mid、*.amr、*.awb、*.3gp、*.mp4、*.m4a、*.aac、*.wav、*.ogg、*.flac、*.mkv\r\n\r\n视频\r\n视频文件格式： *.3gp、*.mp4、*.webm、*.mkv\r\n\r\n电池\r\n容量：3340mAh（典型值）\r\n\r\n软件名称\r\n华为终端智能设备人机交互通信软件V2.0\r\n\r\n包装清单\r\n手机（电池内置）：1部\r\n\r\n充电器：1个\r\n\r\n数据线：1条\r\n\r\n耳机：1个\r\n\r\n取卡针：1个\r\n\r\n快速指南：1本\r\n\r\n三包凭证：1本','华为','华为 麦芒5',399,'1000'),('85b9cc77-136d-46d9-93c6-b4275c3f3b70','Android','华为畅享7S\r\n尺寸\r\n\r\n（备注：受产品配置和制造工艺影响，实际机身尺寸或有差异，请以实物为准）\r\n\r\n重量\r\n约143g（含电池）（备注：受产品配置和制造工艺影响，实际机身重量或有差异，请以实物为准）\r\n\r\n颜色\r\n金色黑色蓝色粉色\r\n(备注：粉色预计2018年初上市)\r\n\r\n屏幕\r\n类型：TFT LCD\r\n\r\n尺寸：5.65英寸\r\n\r\n分辨率：2160*1080\r\n\r\n色彩：1670万色\r\n\r\n处理器\r\n型号：海思麒麟659\r\n\r\n核数：8核\r\n\r\n主频：4 *CortexA53 2.36GHz + 4*CortexA53 1.7GHz\r\n\r\n操作系统\r\nEMUI 8.0 （基于Android 8.0）\r\n\r\n存储\r\nRAM： 3/4GB（备注：可使用的内存容量小于此值，因为手机软件占用的空间）\r\n\r\nROM：32/64GB（备注：可使用的内存容量小于此值，因为手机软件占用的空间）\r\n\r\n外部存储扩展Micro SD卡 最高支持：256GB（非标配）\r\n\r\n网络制式\r\n全网通版：\r\n\r\n支持移动/联通/电信 4G/3G/2G（卡槽1、2可切换为主卡、副卡；不能同时使用2张电信卡，具体插卡注意事项详见尾部“备注”）\r\n\r\n中国移动4G+版：\r\n\r\n支持移动/联通/电信 4G/3G/2G（不能同时使用2张电信卡，具体插卡注意事项详见尾部“备注”）\r\n\r\n定位\r\n支持GPS/AGPS/Glonass/北斗\r\n\r\n数据连接\r\nWLAN：支持2.4G，802.11 b/g/n\r\n\r\n蓝牙：BT4.2\r\n\r\nUSB：支持\r\n\r\n感应器\r\n加速度传感器：支持\r\n\r\n环境光传感器：支持\r\n\r\n接近传感器：支持\r\n\r\n指纹传感器：支持\r\n\r\n拍摄功能\r\n后置摄像头：主摄像头为1300万像素，副摄像头为200万像素\r\n\r\n前置摄像头：800万像素\r\n\r\n拍摄模式：支持大光圈拍照、前置手势拍照、人像模式、美肤拍照、流光快门、延时摄影\r\n\r\nEMOTION UI\r\n华为EMUI 8.0\r\n\r\n电池\r\n容量： 3000mAh (典型值)\r\n\r\n软件名称\r\n华为终端智能设备人机交互通信软件V2.0\r\n\r\n包装清单\r\n手机×1 （标配）\r\n\r\n充电器×1 （标配）\r\n\r\nUSB 线×1 （标配）\r\n\r\n快速指南×1 （标配）\r\n\r\n三包凭证 ×1 （标配）\r\n\r\n卡座捅针×1 （标配）\r\n\r\n移动4G+卡片×1 （移动４Ｇ＋版本标配）\r\n\r\nTP保护膜×1\r\n\r\nSIM卡类型\r\n三选二卡座：卡槽1 （内卡槽）支持Nano SIM卡；卡槽2（外卡槽）支持Nano SIM或Micro SD二选一，实际插卡示例详见手机彩盒资料说明。\r\n\r\n \r\n\r\n\r\n备注：\r\n\r\n全网通版本规则：\r\n\r\n1. 手机功能上支持TD-LTE/LTE FDD，各地区的网络制式和频段可能有所不同，具体取决于当地运营商以及您所在的位置。\r\n\r\n2. 请详细阅读资料中的卡槽说明，需要按照对应的卡槽插入标准的Nano SIM卡。\r\n\r\n非标准Nano SIM卡（剪卡完成的），会导致无法识别SIM卡甚至卡座损坏，请勿使用。\r\n\r\n3. 4G数据业务需要对应的4G卡支持，在手机开启4G开关时，4G网络会频繁拒绝没有开通4G的SIM卡，导致频繁掉网。用户可以选择关闭4G开关，或者联系对应的运营商开通4G数据业务。\r\n\r\n中国移动4G+版规则：\r\n\r\n1. 手机功能上支持TD-LTE/LTE FDD，各地区的网络制式和频段可能有所不同，具体取决于当地运营商以及您所在的位置。\r\n\r\n2. 请详细阅读资料中的卡槽说明，需要按照对应的卡槽插入标准的Nano SIM卡。\r\n\r\n非标准Nano SIM卡（剪卡完成的），会导致无法识别SIM卡甚至卡座损坏，请勿使用。\r\n\r\n3. 4G数据业务需要对应的4G卡支持，4G网络会频繁拒绝没有开通4G业务的SIM卡，导致频繁掉网。用户可以选择联系对应的运营商开通4G数据业务。\r\n\r\n4. 中国移动4G+版默认移动4G优先，移动卡和电信卡（或联通卡）同时插入手机中，电信卡（或联通卡）只能驻留2G网络。\r\n\r\n5、移动卡+移动卡在位：用户可以切换主卡和副卡。\r\n\r\n6、没有移动卡在位：用户可以切换主卡和副卡。购买\r\n\r\n华为畅享 7S华为畅享 7S华为畅享 7S\r\n华为畅享 7S\r\n\"全面\"视界 乐无边界\r\n\r\n5.65英寸，18:9屏幕比例，开启全面屏*1视界。\r\n2160*1080高分辨率，PPI高达428，高清尽收眼底。\r\n一键分屏*2，边看视频边聊天、边阅读边记录，体验双倍精彩。\r\n护眼模式，过滤蓝光，更有夜光屏技术，让你夜间玩乐无忧。\r\n\r\n华为畅享 7S华为畅享 7S华为畅享 7S华为畅享 7S华为畅享 7S*1全面屏手机是目前业界通用的概念，业界通常认为是指窄边框和高屏占比的手机，\r\n常见的手机屏幕长宽比一般为16:9、 18:9、 18.5:9、 19.5:9等等。\r\n*2需要第三方应用支持。\r\n华为畅享 7S\r\n人脸识别 解锁新纪元\r\n\r\n华为畅享7S搭载人脸识别功能*，让刷脸解锁成为可能。AI算\r\n法引擎可在亮屏瞬间识别你的面部特征，顷刻之间解锁屏幕，\r\n为你带来轻松便捷的解锁新体验。\r\n\r\n华为畅享 7S*后续HOTA升级支持。\r\n华为畅享 7S\r\n强大配置 精彩敞开玩\r\n\r\n海思麒麟659八核CPU，主频最高达2.36GHz，高速、流畅。\r\n4GB+64GB大内存*，多任务轻松运转，\r\n有效改善卡顿，还支持最高256GB存储拓展(非标配)。\r\nF2FS 2.0智能文件管理系统，自动清理系统碎片。\r\n\r\n华为畅享 7S华为畅享 7S华为畅享 7S*另有3GB运存+32GB内存可选，可使用的内存容量小于此值，因为手机软件占用的空间。\r\n华为畅享 7S\r\n1300万后置双镜头*1 拍出艺术新高度\r\n\r\n16级大光圈效果，手动调整虚化程度，提升画面层次感。\r\nPDAF快速对焦，更快捕捉眼前美好。\r\n后置人像模式，随手拍出人像大片*2。\r\n海思自研ISP处理器，色彩更优，去噪更强。\r\n\r\n华为畅享 7S华为畅享 7S华为畅享 7S华为畅享 7S*1后置主摄像头为1300万像素, 副摄像头为200万像素。\r\n*2本页图片非实拍图，仅供示意参考。\r\n华为畅享 7S\r\n前置人像模式 美出千姿百态\r\n\r\n前置800万像素、基于AI的人像模式*，采用深度学习技术，智能识别、分割人像，实现更自然的大光圈虚化效果。\r\n知性美肤，搭载人脸数据库和华为肤色算法，智能识别性别，男孩更自然，女孩更漂亮。手势拍照，智能识别手势，精彩“挥”之即来。\r\n\r\n华为畅享 7S华为畅享 7S华为畅享 7S*本页图片非实拍图，仅供示意参考。\r\n华为畅享 7S\r\nEMUI 8.0*1\r\n智慧 便捷 更懂人心\r\n\r\n手机克隆*2，新机更换，数据轻松迁移。\r\n情景智能：快递卡片，物流状态一目了然；\r\n智慧识屏*3，智能分解文本，方便复制、搜索和分享。\r\n三指截屏，三指向下滑动，轻松捕捉屏幕内容。\r\n导航球，代替虚拟导航栏，球体上直接操作，方便快捷。\r\n桌面应用快捷子菜单*4，长按应用图标，可根据弹出的子菜单打开常用功能。\r\n\r\n华为畅享 7S华为畅享 7S华为畅享 7S华为畅享 7S华为畅享 7S *1华为畅享7S搭载EMUI 8.0，部分功能存在定制化差异。\r\n*2华为手机和华为手机克隆时，支持系统数据、视频、音频、图片、信息、\r\n通话记录（通讯录和联系人合成通话记录）、文档及第三方应用克隆；\r\n华为手机和其他手机克隆时，不支持部分系统数据克隆；\r\n华为手机和iPhone克隆时，支持图片、视频、联系人及日程克隆，不支持短信和第三方应用克隆。\r\n*3功能开通时将提示获取信息种类，经用户同意后才能启用。\r\n*4部分应用程序不支持。 \r\n华为畅享 7S\r\n畅快连接 智慧同行\r\n\r\n优化的通讯体验，更智能、更贴心。\r\nWLAN信号桥*，只要有一台手机连接上WLAN，\r\n其他手机即可共享该台手机的WLAN信号。\r\n蓝牙双链接，支持同时连接两部蓝牙音频设备。\r\n虚拟四天线，信号智能切换，通讯体验更佳。\r\n\r\n华为畅享 7S华为畅享 7S华为畅享 7S*使用证书加密的网络或者VPN网络不可通过WLAN信号桥共享。\r\n使用该功能时，请注意遵守与无线上网服务提供方的条款或协议。\r\n华为畅享 7S\r\n智电长续航 玩乐更无忧\r\n\r\n3000mAh*大容量电池，能量不停，畅享不断。\r\n智电6.0，智能管理后台异常耗电应用，\r\n更有超级省电模式，大幅提升待机时间。\r\n\r\n华为畅享 7S华为畅享 7S华为畅享 7S*3000mAh电池容量为典型值。\r\n华为畅享 7S\r\n指纹4.0 解锁新玩法\r\n\r\n新一代指纹4.0，不仅提升解锁速度，更能适配多种应用场景，\r\n通过指纹实现快速拍照、关闭闹钟、快捷支付*（如华为钱包），\r\n解锁更多生活趣味。\r\n\r\n华为畅享 7S华为畅享 7S华为畅享 7S*目前支持华为钱包和支付宝。\r\n华为畅享 7S\r\n纤薄金属机身 多彩颜值加分\r\n\r\n纤薄金属与2.5D弧面玻璃搭配浑然一体，出色设计将TAS天线精巧藏匿，\r\n整体呈现更加平整美观，细腻质感让人爱不释手。\r\n多色可选*，百搭颜值，多姿出彩。\r\n\r\n华为畅享 7S华为畅享 7S华为畅享 7S华为畅享 7S华为畅享 7S华为畅享 7S\r\n立即购买\r\n*粉色预计2018年初上市。\r\n以上页面中的产品图片及屏幕内容仅作示意，实物产品效果（包括但不限于外观、颜色、尺寸）和屏幕显示内容（包括但不限于背景、UI、配图）可能略有差异，请以实物为准。\r\n以上页面中的数据为理论值，均来自华为内部实验室，于特定测试环境下所得（请见各项具体说明），实际使用中可能因产品个体差异、软件版本、使用条件和环境因素不同略有不同，请以实际使用的情况为准。\r\n由于产品批次和生产供应因素实时变化，为尽可能提供准确的产品信息、规格参数、产品特性，华为可能实时调整和修订以上页面中的文字表述、图片效果等内容，以求与实际产品性能、规格、指数、零部件等信息相匹配。\r\n如遇确有进行上述修改和调整必要的情形，恕不专门通知。\r\n\r\n服务热线\r\n400-830-8300 / 800-830-8300（座机）\r\n\r\n普通话 7*24小时 微信客服在线客服零售店查询服务中心查询\r\n购买产品\r\n智能手机\r\n笔记本&平板\r\n智能穿戴\r\n智能家居\r\n移动宽带\r\n配件\r\n服务与支持\r\n保修政策\r\n预约服务\r\n寄修服务\r\n保修状态查询\r\n维修配件价格\r\n维修进度查询\r\n环保回收\r\n联系我们\r\n应用与下载\r\n预置应用公示\r\n店面元素下载\r\n新闻中心\r\n华为新闻\r\n华为视频\r\n关于我们\r\n关于我们\r\n华为商城\r\n企业业务\r\n运营商网络\r\n华为海洋\r\n华为集团\r\n加入华为\r\nCN 访问花粉俱乐部  关注我们   关注花粉俱乐部  \r\n网站地图使用条款隐私政策关于cookies法律信息版权所有 © 华为技术有限公司 1998-2017。保留一切权利。 粤A2-20044005号','华为','华为畅享7S',399,'100000'),('914ca0cd-3ed3-4fd7-a17c-00be39bbb3a5','Android','CPU - HUAWEI Kirin 970 Octa-Core CPU (4 x Cortex A73 2.36 GHz 4 x Cortex A53 1.8 GHz) i7 co-processor, Mali-G72 MP12 GPU NPU: Neural Network Processing Unit\r\nResolution - 2160 x 1080 pixels, 402ppi\r\nScreen - 6.0\" HUAWEI FullView Display, 18:9 OLED Display\r\nOS - Android OS, v8.0\r\nMemory - 6 GB RAM 256 GB ROM\r\nBattery - 4000 mAh (typical value)\r\nSize - Width: 74.5 mm,Height: 154.2 mm,Depth: 7.9 mm,Weight:About 178 g','华为','PORSCHE DESIGN HUAWEI Mate 10',1499,'9999'),('9dee8c83-c003-4916-b90e-659e37c743b8','Android','华为nova2 Plus华为nova2 Plus华为nova2 Plus华为nova2 Plus\r\n华为nova2 Plus\r\n前置2000万高清镜头\r\n用细节呈现颜值实力\r\n\r\n自拍就是要越美越好，即使颜值再高，也可以让自己更美一些。HUAWEI nova 2 Plus 采用2000万前置高清摄像头，更大的感光面积，大幅提升解析度，令人赞叹的自拍细节，为挑剔的你，呈现每一处精彩。\r\n\r\n华为nova2 Plus华为nova2 Plus华为nova2 Plus\r\n华为nova2 Plus\r\n3D立体光融合算法\r\n定格你的精致“立”颜\r\n\r\nHUAWEI nova 2 Plus 开启了美颜4.0智能算法时代，实现了毫米级精准定位。新增的3D立体光融合算法，让自拍立体又精致。更有智能美颜功能，可根据不同性别进行美颜。人像模式还可以识别出人脸区域，实现人像背景虚化，让你的美——时刻是焦点。\r\n\r\n华为nova2 Plus华为nova2 Plus华为nova2 Plus\r\n华为nova2 Plus\r\n前置暗光拍摄\r\n补足光线 不减光彩\r\n\r\n光线不够很难得到一张满意的自拍？\r\nHUAWEI nova 2 Plus 特别配置LCD智能色温补光和暗光增强引擎，自动感知环境条件，补光模式更加智能，可提供11种不同的色温补光方案*，即使光线再弱，自拍照样精致出众。\r\n\r\n华为nova2 Plus华为nova2 Plus*HOTA升级实现。\r\n后置光学变焦双镜头 凭实力让你圈粉无数\r\n\r\nHUAWEI nova 2 Plus 的双摄像头由1200万广角镜头和800万长焦镜头组成，可充分发挥远景\r\n摄影优势，实现光学变焦效果，轻轻松松即可拍出让人忍不住点赞的好照片。出色的暗光拍摄*1，\r\n得益于F1.8大光圈和1.25μm大像素*2。还有先拍照后对焦功能，即使拍完照片也可以\r\n自由选择焦点位置，随“触”是焦点。\r\n\r\n华为nova2 Plus华为nova2 Plus华为nova2 Plus华为nova2 Plus\r\n华为nova2 Plus\r\n*1HOTA升级实现。\r\n\r\n*2仅限后置1200万像素摄像头。\r\n\r\n华为nova2 Plus\r\n趣味拍照 边拍边玩停不下的乐趣\r\n\r\n年轻人拍照要够酷够有趣，HUAWEI nova 2 Plus 不仅能拍出3D动态全景照片*，使拍出的照片呈现\r\n360°立体动态效果，还具备手势自拍功能，只要轻轻一个动作，让你轻松完成自拍。\r\n\r\n华为nova2 Plus华为nova2 Plus华为nova2 Plus*HOTA升级实现。\r\n华为nova2 Plus\r\n华为nova2 Plus\r\n纤薄设计 精致美学\r\n\r\nHUAWEI nova 2 Plus 采用5.5英寸FHD大屏，视觉体验更精彩，6.9mm机身更加纤薄，圆润设计元素贯穿产品之中，简约之中更见精美。HUAWEI nova 2 Plus 不仅仅是一部手机，更是你的百搭时尚配饰。\r\n\r\n华为nova2 Plus\r\n外观多彩\r\n再挑剔也能合心意\r\n\r\nHUAWEI nova 2 Plus 为你提供多种颜色选择，曜石黑、极光蓝、草木绿、玫瑰金、流光金，满足你挑剔的眼光，多彩更时尚。一体化轻薄金属机身，纳米级陶瓷喷砂工艺，金属表面形成温润的反光，层次感分明的工艺中蕴藏匠心。\r\n\r\n华为nova2 Plus\r\n专业级音质\r\n唤醒你的耳朵\r\n\r\n拥有华为Histen自研音频技术的HUAWEI nova 2 Plus，汇聚音频算法大师，深度调校，打造更专业的音响效果。配合高保真Hi-Fi芯片和3D环绕音效，当你插上耳机，一场真实震撼的听觉之旅即刻启程。\r\n\r\n华为nova2 Plus华为nova2 Plus华为nova2 Plus\r\n华为nova2 Plus\r\n128G大存储 \r\n任你一装再装还能装\r\n\r\n好看的视频，有趣的APP，拍不完的照片……统统都想装在手机里。HUAWEI nova 2 Plus 拥有128G大存储，满足你的所有需求，再大的好奇心，也能装得下！\r\n\r\n华为nova2 Plus\r\nEMUI 5.1搭配麒麟芯片\r\n给你持久的流畅体验\r\n\r\nHUAWEI EMUI 5.1系统，进一步优化升级，力求摆脱繁琐，保留简洁流畅的用户体验。EMUI 5.1与麒麟芯片的深度结合，智能学习你的使用习惯，预测你的行为，使HUAWEI nova 2 Plus 越来越懂你。\r\n\r\n华为nova2 Plus\r\n华为nova2 Plus\r\n安全快充 \r\n快速充电更安心\r\n\r\nHUAWEI nova 2 Plus 采用先进的快速充电方案，提升了充电性能，让电量迅速恢复，给你更长久的使用时间，不错过生活中的各种精彩。\r\n\r\n华为nova2 Plus\r\nHUAWEI nova 2 Plus 畅听特权 开通华为音乐会员即返12花币\r\n\r\nHUAWEI nova 2 Plus 系列购机用户，开通华为音乐会员，即可获得12花币的返还。\r\n领取有效期：2017年6月16日—2017年9月16日\r\n\r\n华为nova2 Plus华为nova2 Plus华为nova2 Plus\r\n华为nova2 Plus 温馨提示： 1、花币领取有效期为发放之日起15天，请尽快领取； 2、开通任意会员，仅限一次充返12花币；3、如需咨询请联系华为技术支持热线：4008308300\r\n华为nova2 Plus\r\nHUAWEI nova 2 Plus 畅读特权 专享华为阅读90天VIP特权\r\n\r\nHUAWEI nova 2 Plus 系列购机用户，登录华为阅读，点击“我的”—“任务”—“活动任务”，\r\n即可免费获得90天阅读VIP特权。\r\n领取有效期：2017年6月16日—2017年12月16日\r\n\r\n华为nova2 Plus 温馨提示：如需咨询请联系华为技术支持热线：4008308300\r\n以上页面中的产品图片及屏幕内容仅作示意，实物产品效果（包括但不限于外观、颜色、尺寸）和屏幕显示内容（包括但不限于背景、UI、配图）可能略有差异，请以实物为准。\r\n以上页面中的数据为理论值，均来自华为内部实验室，于特定测试环境下所得（请见各项具体说明），实际使用中可能因产品个体差异、软件版本、使用条件和环境因素不同略有不同，请以实际使用的情况为准。\r\n由于产品批次和生产供应因素实时变化，为尽可能提供准确的产品信息、规格参数、产品特性，华为可能实时调整和修订以上页面中的文字表述、图片效果等内容，以求与实际产品性能、规格、指数、零部件等信息相匹配。\r\n如遇确有进行上述修改和调整必要的情形，恕不专门通知。\r\n服务热线\r\n400-830-8300 / 800-830-8300（座机）\r\n\r\n普通话 7*24小时 微信客服在线客服零售店查询服务中心查询\r\n购买产品\r\n智能手机\r\n笔记本&平板\r\n智能穿戴\r\n智能家居\r\n移动宽带\r\n配件\r\n服务与支持\r\n保修政策\r\n预约服务\r\n寄修服务\r\n保修状态查询\r\n维修配件价格\r\n维修进度查询\r\n环保回收\r\n联系我们\r\n应用与下载\r\n预置应用公示\r\n店面元素下载\r\n新闻中心\r\n华为新闻\r\n华为视频\r\n关于我们\r\n关于我们\r\n华为商城\r\n企业业务\r\n运营商网络\r\n华为海洋\r\n华为集团\r\n加入华为\r\nCN 访问花粉俱乐部  关注我们   关注花粉俱乐部  \r\n网站地图使用条款隐私政策关于cookies法律信息版权所有 © 华为技术有限公司 1998-2017。保留一切权利。 粤A2-20044005号','华为','华为 Nova Plus',688,'10000'),('9ec63bd8-d574-4edb-bb70-de95f911526a','Android','华为Mate 9 Pro华为Mate 9 Pro华为Mate 9 Pro华为Mate 9 Pro\r\n 华为Mate 9 Pro\r\n细品造物之美\r\n\r\n▁▁▁\r\n\r\nHUAWEI Mate 9 Pro为科技创新赋予设计哲学，2K双曲面屏，彰显左右对称与上下对称的设计美感；\r\n奢华水晶氧化层工艺和肤质喷砂工艺，令其拥有美轮美奂的璀璨光芒与丝滑质感。\r\nHUAWEI Mate 9 Pro的诞生，经受了科技创新与设计美学的双重洗礼。\r\n\r\n华为Mate 9 Pro华为Mate 9 Pro华为Mate 9 Pro了解更多\r\n华为Mate 9 Pro\r\n 华为Mate 9 Pro\r\n影响力，源于它的影像力\r\n\r\n▁▁▁\r\n\r\n影像的力量可以带来深入人心的影响力，HUAWEI Mate 9 Pro再度联手徕卡，\r\n带来1200万像素彩色加2000万像素黑白的第二代徕卡双镜头，拥有专业的2倍双摄变焦、大光圈2.0、\r\n新一代ISP图像处理器，四重对焦，随手一拍，令人赞叹。双摄PIXEL BINNING技术，提升1倍亮度，\r\n结合OIS光学防抖功能，呈现清晰细腻的夜拍效果。这就是HUAWEI Mate 9 Pro惊人的影像实力。\r\n\r\n华为Mate 9 Pro华为Mate 9 Pro华为Mate 9 Pro华为Mate 9 Pro华为Mate 9 Pro了解更多\r\n华为Mate 9 Pro\r\n 华为Mate 9 Pro \r\n流畅潜能，令人惊叹\r\n\r\n▁▁▁\r\n\r\nHUAWEI Mate 9 Pro搭载新一代旗舰芯片华为麒麟960，实现性能提升与功耗平衡的再次突破。\r\n八核CPU数据处理能力大幅提升，八核GPU图形处理能力较上一代提升180%，\r\n结合高速双存储LPDDR4内存+UFS2.1闪存，带来难以想象的高速与流畅。\r\n无论是工作、生活还是游戏、娱乐，都能从容应对。\r\n\r\n华为Mate 9 Pro华为Mate 9 Pro华为Mate 9 Pro华为Mate 9 Pro华为Mate 9 Pro了解更多\r\n 华为Mate 9 Pro \r\n快充慢用\r\n续航张弛有度\r\n\r\n▁▁▁\r\n\r\n传承Mate系列DNA，HUAWEI Mate 9 Pro拥有的4000mAh（典型值）高密度电池与新一代\r\n智电技术5.0配合恰到好处，带来更长的续航体验。HUAWEI SuperCharge 快充技术，\r\n支持5A快充，充电30分钟可连续观看视频11小时*。更有15层安全保护机制，\r\n让手机使用更安心。快充慢用张弛有度，改写“续航”定义。\r\n\r\n华为Mate 9 Pro华为Mate 9 Pro华为Mate 9 Pro了解更多   华为Mate 9 Pro *数据来自华为实验室，具体时间视使用环境而定。\r\n 华为Mate 9 Pro\r\n焕然一新的EMUI5.0\r\n\r\n▁▁▁\r\n\r\nHUAWEI Mate 9 Pro化繁为简，在复杂的科技世界中，为你带来简单舒畅的交互体验。\r\n更易用、更美观、更智能的EMUI 5.0系统，90%的常用操控，3步之内即可完成，把简洁、\r\n舒畅渗透到你的手机使用细节之中，旨在引领一场简洁高效的交互革命。\r\n\r\n华为Mate 9 Pro华为Mate 9 Pro华为Mate 9 Pro华为Mate 9 Pro了解更多\r\n华为Mate 9 Pro华为Mate 9 Pro华为Mate 9 Pro华为Mate 9 Pro\r\n 华为Mate 9 Pro  华为Mate 9 Pro \r\n金融级，更安全\r\n\r\n▁▁▁\r\n\r\nHUAWEI Mate 9 Pro拥有通过央行和银联安全认证的*1、集成到Kirin960 SoC的金融级\r\n安全芯片，更有芯片级防伪基站侦测技术，预防电信诈骗，守护你的信息安全。\r\n你还可以通过不同指纹认证快速切换到不同系统空间，生活和工作一指轻松分开。\r\nHUAWEI Mate 9 Pro用心守护你的金融安全、隐私安全和通信安全。\r\n\r\n华为Mate 9 Pro华为Mate 9 Pro*2华为Mate 9 Pro华为Mate 9 Pro了解更多 * 1 通过央行《中国金融移动支付》标准和中国银联《银联卡芯片（集成电路）安全认证》标准。\r\n* 2 Huawei Pay适配工商银行、中国银行、建设银行、交通银行、中信银行等在内的36家银行。\r\n 华为Mate 9 Pro \r\n声声震撼，思有余音\r\n\r\n▁▁▁\r\n\r\n拥有新一代高性能Hi6403音频芯片，HUAWEI Mate 9 Pro给你带来沉浸式视听享受。\r\n双Smart PA设计，竖屏时高低音分频，横屏时左右立体声。\r\n4K高清摄像，画面如丝般细腻，高压缩编码技术还能节省至多50%的存储空间*。\r\n创新的4Mic 指向性拾音技术，清晰记录你想记录。\r\n\r\n华为Mate 9 Pro华为Mate 9 Pro华为Mate 9 Pro华为Mate 9 Pro了解更多   华为Mate 9 Pro *压缩比视片源情况而有所不同。\r\n 华为Mate 9 Pro\r\n覆盖更广的网络，世界离你更近\r\n\r\n▁▁▁\r\n\r\nHUAWEI Mate 9 Pro支持1334个运营商、217个国家/地区轻松漫游，副卡还支持GSM/CDMA/WCDMA。\r\n同时下载速度更快，理论上15s内即可完成一部1G的高清电影下载*1。更有天际通*2功能，\r\n海外出行无需购买当地电话卡或外置上网设备，便可享受便捷的境外通讯和上网服务。\r\n\r\n华为Mate 9 Pro华为Mate 9 Pro*3华为Mate 9 Pro华为Mate 9 Pro华为Mate 9 Pro了解更多\r\n华为Mate 9 Pro *1实际下载速率因运营商网络情况及无线环境不同而变化。\r\n*2共有80多个国家和地区支持天际通付费全球移动数据服务。\r\n*3不支持主副卡为电信+电信的情况。\r\n华为Mate 9 Pro\r\n多款配件，美妙体验*\r\n\r\n▁▁▁\r\n\r\n从智能视窗保护套、透明保护软壳，到徕卡定制牛皮保护壳，在外观设计和用料上都精益求精，\r\n搭配HUAWEI Mate 9 Pro，丰富配件为你带来便捷时尚的品质体验。\r\n\r\n华为Mate 9 Pro华为Mate 9 Pro华为Mate 9 Pro华为Mate 9 Pro\r\n华为Mate 9 Pro\r\n\r\n*配件需单独购买。\r\n华为Mate 9 Pro\r\n改变视界，让世界更精彩\r\n\r\n▁▁▁\r\n\r\nHUAWEI Mate 9 Pro与HUAWEI VR天生一对，一同为你呈现更精彩的视界。\r\n95度视场角*与动态3D音频，营造逼真流畅的沉浸式体验。\r\nHUAWEI VR集成手机的接听电话、短信提示、微信提醒、闹钟提示等功能，操作更便捷。\r\n更有透视模式，无须反复拆戴设备，虚拟实景，实现一键切换。\r\n\r\n华为Mate 9 Pro华为Mate 9 Pro华为Mate 9 Pro\r\n华为Mate 9 Pro\r\n\r\n*1配件需单独购买。\r\n*2光学机台Trioptics HR测试。\r\n华为Mate 9 Pro\r\n华为Mate 9 Pro\r\n*以上所有图片仅供参考，请以实物为准，所有数据均来自华为实验室。\r\n**充电数据来源于华为实验室测试结果，指在温度25℃，相对湿度：45%~80%环境下，使用HUAWEI SuperCharge充电器与原装\r\n充电线，从1%电量开始，后台仅有4G网络待机状态下灭屏充电。\r\n***使用数据来源于华为实验室测试结果，指在温度25℃，相对湿度：45%~80%环境下：\r\n视频：屏幕亮度50nits，4G信号满格，耳机播放本地720P视频文件，50%音量。 \r\n实际时间可能因手机使用具体条件而发生变化。\r\n\r\n服务热线\r\n400-830-8300 / 800-830-8300（座机）\r\n\r\n普通话 7*24小时 微信客服在线客服零售店查询服务中心查询\r\n购买产品\r\n智能手机\r\n笔记本&平板\r\n智能穿戴\r\n智能家居\r\n移动宽带\r\n配件\r\n服务与支持\r\n保修政策\r\n预约服务\r\n寄修服务\r\n保修状态查询\r\n维修配件价格\r\n维修进度查询\r\n环保回收\r\n联系我们\r\n应用与下载\r\n预置应用公示\r\n店面元素下载\r\n新闻中心\r\n华为新闻\r\n华为视频\r\n关于我们\r\n关于我们\r\n华为商城\r\n企业业务\r\n运营商网络\r\n华为海洋\r\n华为集团\r\n加入华为\r\nCN 访问花粉俱乐部  关注我们   关注花粉俱乐部  \r\n网站地图使用条款隐私政策关于cookies法律信息版权所有 © 华为技术有限公司 1998-2017。保留一切权利。 粤A2-20044005号','华为','华为 Mate 9 Pro',1049,'1000'),('b0206f08-cd16-45b9-ae1a-0f9dc8228ea6','Android','CPU - Kirin 658, 16 nm Octa-core (4 x 2.1 GHz 4 x 1.7 GHz) i5 co-processor\r\nResolution - 1920 x 1080 with contrast 1500:1\r\nScreen - 5.2\" FHD\r\nOS - Android OS, v7.0\r\nMemory - 3 GB RAM 32 GB ROM\r\nBattery - 3000 mAh (typical value)\r\nSize - Width:72 mm,Height:146.5 mm,Depth:7.2 mm,Weight:146 g','华为','Huawei P10 Lite',999,'9999'),('b7a5bd0e-869f-4dcf-91ab-b3a86dae50d0','Android','HUAWEI Mate 10 保时捷设计 \r\nNETWORK	Technology	\r\nGSM / HSPA / LTE\r\nLAUNCH	Announced	2017, October\r\nStatus	Available. Released 2017, November\r\nBODY	Dimensions	154.2 x 74.5 x 7.9 mm (6.07 x 2.93 x 0.31 in)\r\nWeight	178 g (6.28 oz)\r\nBuild	Front/back glass, aluminum frame\r\nSIM	Hybrid Dual SIM (Nano-SIM, dual stand-by)\r\n 	- IP67 certified - dust and water resistant\r\n- Water resistant up to 1 meter and 30 minutes\r\nDISPLAY	Type	AMOLED capacitive touchscreen, 16M colors\r\nSize	6.0 inches, 92.9 cm2 (~80.9% screen-to-body ratio)\r\nResolution	1080 x 2160 pixels, 18:9 ratio (~402 ppi density)\r\nMultitouch	Yes\r\nProtection	Corning Gorilla Glass (unspecified version)\r\n 	- HDR10 compliant\r\n- EMUI 8.0\r\nPLATFORM	OS	Android 8.0 (Oreo)\r\nChipset	Hisilicon Kirin 970\r\nCPU	Octa-core (4x2.4 GHz Cortex-A73 & 4x1.8 GHz Cortex-A53)\r\nGPU	Mali-G72 MP12\r\nMEMORY	Card slot	No\r\nInternal	256 GB, 6 GB RAM\r\nCAMERA	Primary	Dual: 12 MP (f/1.6, 27mm, OIS) +20 MP (f/1.6, 27mm), 2x lossless zoom, Leica optics, phase detection & laser autofocus, dual-LED dual-tone flash\r\nFeatures	Geo-tagging, touch focus, face/smile detection, panorama, HDR\r\nVideo	2160p@30fps, 1080p@30/60fps\r\nSecondary	8 MP, f/2.0\r\nSOUND	Alert types	Vibration; MP3, WAV ringtones\r\nLoudspeaker	Yes\r\n3.5mm jack	No\r\n 	- 32-bit/384kHz audio\r\n- Active noise cancellation with dedicated mic\r\n- 3.5 mm to USB-C headphone adapter incl.\r\nCOMMS	WLAN	Wi-Fi 802.11 a/b/g/n/ac, dual-band, DLNA, WiFi Direct, hotspot\r\nBluetooth	4.2, A2DP, aptX HD, LE\r\nGPS	Yes, with A-GPS, GLONASS, BDS, GALILEO\r\nNFC	Yes\r\nInfrared port	Yes\r\nRadio	No\r\nUSB	2.0, Type-C 1.0 reversible connector\r\nFEATURES	Sensors	Fingerprint (rear-mounted), accelerometer, gyro, proximity, barometer, compass\r\nMessaging	SMS (threaded view), MMS, Email, Push Email\r\nBrowser	HTML5\r\n 	- Fast battery charging 4.5V/5A (58% in 30 min)\r\n- DivX/XviD/MP4/H.265/WMV player\r\n- MP3/eAAC+/WMA/WAV/Flac player\r\n- Document editor\r\n- Photo/video editor\r\nBATTERY	 	Non-removable Li-Po 4000 mAh battery\r\nMISC	Colors	Diamond Black\r\nPrice	About 1400 EUR\r\n\r\nHUAWEI Mate 10 保时捷设计\r\n以深邃的黑色，演绎沉稳低调的高贵品质\r\n奢华的设计碰撞未来的科技，为不凡气概倾注无尽灵感\r\n\r\nHUAWEI Mate 10 保时捷设计\r\n将速度感融于细节\r\n释放一往无前的力量，在快速迭代的潮流中\r\n时刻彰显分秒必争的态度\r\n\r\n抵达成就的路，从来不只一条\r\n拥有犀利目光的HUAWEI Mate 10 保时捷设计\r\n能识广阔天地，亦能洞察细节，以远见筹谋，创见未知的新境\r\n\r\n时间的打磨，成就外在的光辉，也让内心愈见深厚\r\n正如HUAWEI Mate 10 保时捷设计定制化UI设计，精益求精\r\n让执着的内在信念，造就美与技术融合的经典\r\n\r\n凡事预则立，HUAWEI Mate 10 保时捷设计以严谨\r\n的态度构架缜密的安全系统，\r\n为隐私保护精益求精，于风云变幻之中\r\n泰然自若，处变不惊\r\n以上页面中的产品图片及屏幕内容仅作示意，实物产品效果（包括但不限于外观、颜色、尺寸）和屏幕显示内容（包括但不限于背景、UI、配图）可能略有差异，请以实物为准。\r\n\r\n以上页面中的数据为理论值，均来自华为内部实验室，于特定测试环境下所得（请见各项具体说明），实际使用中可能因产品个体差异、软件版本、使用条件和环境因素不同略有不同，请以实际使用的情况为准。\r\n\r\n由于产品批次和生产供应因素实时变化，为尽可能提供准确的产品信息、规格参数、产品特性，华为可能实时调整和修订以上页面中的文字表述、图片效果等内容，以求与实际产品性能、规格、指数、零部件等信息相匹配。\r\n\r\n如遇确有进行上述修改和调整必要的情形，恕不专门通知。\r\n\r\n服务热线\r\n400-830-8300 / 800-830-8300（座机）\r\n\r\n普通话 7*24小时 微信客服在线客服零售店查询服务中心查询\r\n购买产品\r\n智能手机\r\n笔记本&平板\r\n智能穿戴\r\n智能家居\r\n移动宽带\r\n配件\r\n服务与支持\r\n保修政策\r\n预约服务\r\n寄修服务\r\n保修状态查询\r\n维修配件价格\r\n维修进度查询\r\n环保回收\r\n联系我们\r\n应用与下载\r\n预置应用公示\r\n店面元素下载\r\n新闻中心\r\n华为新闻\r\n华为视频\r\n关于我们\r\n关于我们\r\n华为商城\r\n企业业务\r\n运营商网络\r\n华为海洋\r\n华为集团\r\n加入华为\r\nCN 访问花粉俱乐部  关注我们   关注花粉俱乐部  \r\n网站地图使用条款隐私政策关于cookies法律信息版权所有 © 华为技术有限公司 1998-2017。保留一切权利。 粤A2-20044005号','华为','华为 Mate 10 保时捷设计',1699,'1000'),('e2a3eb82-02c0-403b-9cd4-4bc2d4fee11f','Android','CPU - HUAWEI Kirin 970 Octa-Core CPU (4 x Cortex A73 2.36 GHz 4 x Cortex A53 1.8 GHz) i7 co-processor, Mali-G72 MP12 GPU NPU: Neural Network Processing Unit\r\nResolution - 2560 x 1440 pixels, 499ppi\r\nScreen - 5.9\" HUAWEI FullView Display, 16:9 OLED Display\r\nOS - Android OS, v8.0\r\nMemory - 4 GB RAM 256 GB ROM\r\nBattery - 4000 mAh (typical value)\r\nSize - Width:77.8 mm,Height:150.5 mm,Depth:8.2 mm,Weight:About 186 g','华为','Huawei Mate 10',1299,'9999'),('ea8d1e06-4b67-45da-8f4a-002afc3c3792','Android','HUAWEI P9 Plus\r\n华为 | 徕卡联合设计\r\n瞬间, 定格视界的角度\r\n\r\nHuawei and Leica logo\r\n无缝设计，精致细节\r\n精湛外观工艺从HUAWEI P9延续至HUAWEI P9 Plus，5.5英寸显示屏与金属机身的无缝融合，彰显细节之美。\r\n\r\n技术参数\r\n \r\n瞬间, 定格视界的角度\r\nHUAWEI P9 Plus 创新性的采用徕卡 双镜头，配合强劲的软硬件，使你在拍摄高质量照片的同时兼具机身的圆润、紧凑和时尚。\r\n\r\n双摄像头的组合，一加一远大于二\r\n溢彩流光，悦目动人，这将是HUAWEI P9 Plus拍摄的画面带给你的第一感受。彩色与黑白的交融，将经典的徕卡影像展现在你的面前。\r\n\r\n后置的1200万像素黑白和彩色双摄像头，拍摄效果可不仅仅是两个1200万像素镜头拍摄这么简单。在拍照的过程中，双摄像头同时工作，黑白镜头捕捉细节，成像更清晰；彩色镜头捕捉颜色，色彩更饱满，加上华为特有的图像合成算法,让细节与色彩愈加融合，拍出的画面栩栩如生，惊艳跃于指尖。\r\n\r\n 了解更多\r\n5.5 英寸全高清显示屏\r\n采用 5.5 英寸全高清显示屏，尺寸更大、色彩饱和度更强、对比度更高。\r\n\r\n快速充电，强劲续航\r\n采用 3400 mAh电池（典型值），集成双电路快速充电技术。随之而来的是电量更充足，畅玩更尽兴。\r\n\r\n天籁级的立体音效\r\n超乎寻常的高音表现\r\n\r\n 了解更多\r\nPRESS TOUCH 技术\r\nHUAWEI P9 Plus 搭载了新一代的Press Touch 功能，会为你带来更好的体验感受。\r\n\r\n 了解更多\r\n画质清、成像快、对焦准，这才是轻松愉悦的拍摄体验\r\n采用内置双核 ISP 、专业级 DSP 和独立的深度芯片，使HUAWEI P9 Plus在对焦、成像和图像处理的速度上都有了更大的提升。\r\n\r\n 了解更多\r\n专业级的相机效果，带来了不可多得的摄影体验\r\nHUAWEI P9 Plus能让你体验到一系列的独特功能: 徕卡经典色彩模式、大光圈拍照、徕卡黑白模式，以及支持 RAW 输出的专业模式。通过使用这些功能，你可以得到足以媲美专业级的相片效果。\r\n\r\n 了解更多\r\n无论白天黑夜，展现美好一面\r\n800 万像素的前置摄像头，即使在低光环境下也能展现你的美好一面。\r\n\r\n虚拟三天线技术，通话无忧\r\nSignal+ 2.0 ：HUAWEI P9 Plus支持虚拟三天线技术，信号更好、通话质量更佳，而握持手机的角度也不会影响信号的连接。\r\n\r\n畅快连接，飞速上网\r\nWi-Fi+ 2.0 ： HUAWEI P9 Plus能自动对 Wi-Fi 热点进行排序，优先连接优质信号。\r\n\r\n安全精准，方便可靠\r\nHUAWEI P9 Plus带来更进一步的安全保障，3D指纹信息识别技术使指纹识别更加安全可靠。\r\n\r\n一上手, 就爱不释手\r\nHUAWEI P9 Plus拥有2.5D玻璃与弧形金属后壳的融合性设计、多彩的外观颜色，耀眼而夺目。不仅如此，这次的金属工艺又有了新的突破，金属雕刻纹理及5层陶瓷白镀层工艺的加入，使得HUAWEI P9 Plus是那么的与众不同。\r\n\r\n\r\nHUAWEI P9 PLUS\r\n琥珀灰\r\n     \r\n* 图中所示产品颜色，形状，界面和所展示的功能仅供参考，请以实际产品为准。\r\n\r\n以上页面中的产品图片及屏幕内容仅作示意，实物产品效果（包括但不限于外观、颜色、尺寸）和屏幕显示内容（包括但不限于背景、UI、配图）可能略有差异，请以实物为准。\r\n\r\n以上页面中的数据为理论值，均来自华为内部实验室，于特定测试环境下所得（请见各项具体说明），实际使用中可能因产品个体差异、软件版本、使用条件和环境因素不同略有不同，请以实际使用的情况为准。\r\n\r\n由于产品批次和生产供应因素实时变化，为尽可能提供准确的产品信息、规格参数、产品特性，华为可能实时调整和修订以上页面中的文字表述、图片效果等内容，以求与实际产品性能、规格、指数、零部件等信息相匹配。\r\n\r\n如遇确有进行上述修改和调整必要的情形，恕不专门通知。\r\n\r\n服务热线\r\n400-830-8300 / 800-830-8300（座机）\r\n\r\n普通话 7*24小时 微信客服在线客服零售店查询服务中心查询\r\n购买产品\r\n智能手机\r\n笔记本&平板\r\n智能穿戴\r\n智能家居\r\n移动宽带\r\n配件\r\n服务与支持\r\n保修政策\r\n预约服务\r\n寄修服务\r\n保修状态查询\r\n维修配件价格\r\n维修进度查询\r\n环保回收\r\n联系我们\r\n应用与下载\r\n预置应用公示\r\n店面元素下载\r\n新闻中心\r\n华为新闻\r\n华为视频\r\n关于我们\r\n关于我们\r\n华为商城\r\n企业业务\r\n运营商网络\r\n华为海洋\r\n华为集团\r\n加入华为\r\nCN 访问花粉俱乐部  关注我们   关注花粉俱乐部  \r\n网站地图使用条款隐私政策关于cookies法律信息版权所有 © 华为技术有限公司 1998-2017。保留一切权利。 粤A2-20044005号','华为','华为 P9 Plus',899,'10000'),('ee443d1f-5aca-42e5-82d1-3da90dc0ff4a','Android','ALL VERSIONS L09L29AL00\r\nVersions: ALP-L09 (Single SIM); ALP-L29 (Dual SIM); ALP-AL00 (China)\r\n\r\nNETWORK	Technology	\r\nGSM / HSPA / LTE\r\nLAUNCH	Announced	2017, October\r\nStatus	Available. Released 2017, November\r\nBODY	Dimensions	150.5 x 77.8 x 8.2 mm (5.93 x 3.06 x 0.32 in)\r\nWeight	186 g (6.56 oz)\r\nBuild	Front/back glass, aluminum frame\r\nSIM	Single SIM (Nano-SIM) or Hybrid Dual SIM (Nano-SIM, dual stand-by)\r\n 	- IP53 certified - dust and splash protection\r\nDISPLAY	Type	IPS LCD capacitive touchscreen, 16M colors\r\nSize	5.9 inches, 95.6 cm2 (~81.6% screen-to-body ratio)\r\nResolution	1440 x 2560 pixels, 16:9 ratio (~499 ppi density)\r\nMultitouch	Yes\r\nProtection	Corning Gorilla Glass (unspecified version)\r\n 	- HDR10 compliant\r\n- EMUI 8.0\r\nPLATFORM	OS	Android 8.0 (Oreo)\r\nChipset	Hisilicon Kirin 970\r\nCPU	Octa-core (4x2.4 GHz Cortex-A73 & 4x1.8 GHz Cortex-A53)\r\nGPU	Mali-G72 MP12\r\nMEMORY	Card slot	microSD, up to 256 GB (uses SIM 2 slot) - dual SIM model only\r\nInternal	64 GB, 4 GB RAM\r\nCAMERA	Primary	Dual: 12 MP (f/1.6, 27mm, OIS) +20 MP (f/1.6, 27mm), 2x lossless zoom, Leica optics, phase detection & laser autofocus, dual-LED dual-tone flash, check quality\r\nFeatures	Geo-tagging, touch focus, face/smile detection, panorama, HDR\r\nVideo	2160p@30fps, 1080p@30/60fps, check quality\r\nSecondary	8 MP, f/2.0\r\nSOUND	Alert types	Vibration; MP3, WAV ringtones\r\nLoudspeaker	Yes, with stereo speakers\r\n3.5mm jack	Yes\r\n 	- 32-bit/384kHz audio\r\n- Active noise cancellation with dedicated mic\r\nCOMMS	WLAN	Wi-Fi 802.11 a/b/g/n/ac, dual-band, DLNA, WiFi Direct, hotspot\r\nBluetooth	4.2, A2DP, aptX HD, LE\r\nGPS	Yes, with A-GPS, GLONASS, BDS\r\nNFC	Yes\r\nInfrared port	Yes\r\nRadio	No\r\nUSB	3.1, Type-C 1.0 reversible connector; USB Host\r\nFEATURES	Sensors	Fingerprint (front-mounted), accelerometer, gyro, proximity, barometer, compass\r\nMessaging	SMS (threaded view), MMS, Email, Push Email\r\nBrowser	HTML5\r\n 	- Fast battery charging 4.5V/5A (58% in 30 min)\r\n- DivX/XviD/MP4/H.265/WMV player\r\n- MP3/eAAC+/WMA/WAV/Flac player\r\n- Document editor\r\n- Photo/video editor\r\nBATTERY	 	Non-removable Li-Po 4000 mAh battery\r\nMISC	Colors	Mocha Brown, Black, Champagne Gold, Pink Gold\r\nPrice	About 590 EUR\r\nTESTS	Performance	Basemark OS II: 3657 / Basemark OS II 2.0: 3415\r\nBasemark X: 40809\r\nDisplay	Contrast ratio: 1383:1 (nominal), 2.742 (sunlight)\r\nCamera	Photo / Video\r\nLoudspeaker	Voice 90dB / Noise 73dB / Ring 84dB\r\nAudio quality	Noise -93.5dB / Crosstalk -93.4dB\r\nBattery life	\r\nEndurance rating 87h\r\nDisclaimer. We can not guarantee that the information on this page is 100% correct. Read more\r\n\r\nHUAWEI LOGO\r\n智能手机\r\n笔记本&平板\r\n穿戴设备\r\n智能家居\r\n更多产品\r\n软件应用\r\n服务与支持\r\n华为商城\r\n HUAWEI LOGO\r\n功能特征\r\n规格参数\r\n服务支持\r\n购买\r\n\r\n\r\n\r\n灵感，造就器物之美尊享臻品，源自设计师的匠心雕琢。\r\n5.9英寸屏幕，四曲面玻璃设计，细滑圆润，亲和掌心，\r\n在光的折射下，灵动流光，质感非凡。    \r\n\r\n懂你，想象不到的贴心HUAWEI Mate 10搭载新一代麒麟970芯片，结合EMUI 8.0智慧系统，学习用户使用习惯，懂你所需。\r\nAI慧眼识物，智能识别十余种拍照场景*1，自动调校拍照参数，大片随手拍。\r\n随行翻译，实时翻译文本、语音、照片并支持离线翻译*2，沟通无边界。\r\n智慧识屏，双指按压屏幕，就可以将文章或对话分解成易于选取的字和词，轻松搜索、复制和分享。         *1夜景，蓝天，绿植，雪景等\r\n*2部分功能支持离线翻译\r\n\r\n体验畅快淋漓，续航从容有度HUAWEI Mate 10基于AI的用户行为学习，带来更持久的流畅体验。同时拥有更强大的图形计算能力，\r\n轻松驾驭多种大型3D游戏和设计软件。4000mAh（典型值）高密度电池、智慧节电技术、\r\nHUAWEI SuperCharge快充技术（德国莱茵TÜV安全认证），续航更持久。         \r\n\r\n          是手机摄影，更是光和影的艺术承袭徕卡专业影像基因，HUAWEI Mate 10搭载徕卡SUMMILUX-H双镜头，\r\n拥有双ƒ/1.6大光圈，支持OIS光学防抖，带来令人惊叹的抓拍和夜拍效果。手机摄影艺术再次升华。\r\n\r\n电脑模式，自有一方大天地看电影，手机屏幕不过瘾？查资料，文字太小累眼睛？\r\nHUAWEI Mate 10可外接显示设备*，支持异源投屏，大屏幕与手机显示不同内容，一机两用。\r\n更可配合蓝牙鼠键，实现PC化办公。生活和工作，乐趣和效率，都有一方自在天地。 *需转接设备，支持VGA/HDMI接口\r\n\r\n智与美的大成EMUI 8.0是集人工智能与艺术之美的又一次大成，通过学习用户使用习惯，带来更人性化的使用感受。\r\nHuawei Share，手机直连配对，轻松完成文件高速传输。指关节操作，省时又有趣。\r\n智能分屏，两个界面同时进行，看电影和聊天互不影响。           \r\n\r\n金融级守护，安全安心内置inSE安全芯片实现金融级安全防护*1，手机盾功能有效保护移动支付安全。\r\n防伪基站侦测技术，预防电信诈骗。指纹切换，一步进入手机隐私空间。\r\n如果不慎将手机丢失，也可以通过“查找我的手机”*2远程锁定并追踪设备，守护你的信息安全。           *1通过央行《中国金融移动支付》标准\r\n*2需要设置查找我的手机功能 \r\n\r\n一部手机，畅游天下支持双卡双4G*1全网通以及Wi-Fi双天线，网络连接高速稳定，\r\n天际通境外上网功能*2，境外出行无需更换手机，一部HUAWEI Mate 10伴你畅游世界。             *1双卡4G网络使用，需要根据运营商网络和相关业务部署情况确定是否支持。后续手机软件功能可能跟随网络匹配升级，请以手机实际版本支持功能为准。不支持两张电信卡同时使用。\r\n*2共有80多个国家和地区支持天际通付费全球移动数据服务。活动期间，购机即送1GB境外流量，免费流量领取/使用时间：2017年10月20日00:00-2018年10月20日24:00，免费流量在天际通全球移动数据服务范围内支持跨国使用，启用后使用有效期24小时。\r\n\r\n视听，就要淋漓尽致HUAWEI Mate 10出色的影音品质，带来动人心弦的感官享受。\r\n轻声耳语和智能亮音，让彼此的声音穿透嘈杂世界，清晰直抵对方。\r\n支持Hi-Res高清音质和HDR10视频播放，带来高品质视听盛宴。       \r\n\r\n开启生活的更多可能商务/车载/影音套包*1、智能全景视窗皮套、HUAWEI VR 2*2等。\r\n更多智能体验，更多精彩陪伴。         *1商务套包：扩展坞、转接线\r\n　车载套包：华为SuperCharge车载充电器、磁吸保护壳、车载支架\r\n　影音套包：全景相机、华为运动蓝牙耳机\r\n*2需单独购买 \r\n\r\n\r\n以上页面中的产品图片及屏幕内容仅作示意，实物产品效果（包括但不限于外观、颜色、尺寸）和屏幕显示内容（包括但不限于背景、UI、配图）可能略有差异，请以实物为准。\r\n\r\n以上页面中的数据为理论值，均来自华为内部实验室，于特定测试环境下所得（请见各项具体说明），实际使用中可能因产品个体差异、软件版本、使用条件和环境因素不同略有不同，请以实际使用的情况为准。\r\n\r\n由于产品批次和生产供应因素实时变化，为尽可能提供准确的产品信息、规格参数、产品特性，华为可能实时调整和修订以上页面中的文字表述、图片效果等内容，以求与实际产品性能、规格、指数、零部件等信息相匹配。\r\n\r\n如遇确有进行上述修改和调整必要的情形，恕不专门通知。\r\n\r\n服务热线\r\n400-830-8300 / 800-830-8300（座机）\r\n\r\n普通话 7*24小时 微信客服在线客服零售店查询服务中心查询\r\n','华为','华为 Mate 10',1299,'10000'),('fe45d6f5-9bd6-497d-9320-b425b67b4c75','Android','华为P10 Plus华为P10 Plus华为P10 Plus华为P10 Plus\r\n华为P10 Plus\r\n摄影\r\n\r\n━━━━\r\n\r\n更专业的人像摄影\r\n化繁，为不凡\r\n\r\nHUAWEI P10 Plus采用更高端的徕卡SUMMILUX双镜头，为你呈现更优秀的作品。搭配专业人像摄影模式，替你省去繁琐复杂的参数调教，只需指尖轻触，便可完成一张品质与艺术感兼具的佳作。同时，增加徕卡前置镜头，让你的每一次自拍，都令人赞叹。\r\n\r\n华为P10 Plus华为P10 Plus华为P10 Plus华为P10 Plus\r\n华为P10 Plus\r\n设计\r\n\r\n━━━━\r\n\r\n美在手心\r\n更打动内心\r\n\r\nHUAWEI P10 Plus凝聚当代工艺美学与时尚设计灵感。金属钻雕背纹*，光泽流动。携手PANTONE，将2017年流行色“草木绿”，“钻雕蓝”注入金属机身，带来焕然一新的视觉享受。前置一体指纹，圆润轻薄机身，搭配华为巴黎美学研究所设计的优雅UI主题，内外兼美，让你爱不释手。\r\n\r\n华为P10 Plus华为P10 Plus华为P10 Plus华为P10 Plus *仅钻雕金、钻雕蓝版本采用金属钻雕工艺 华为P10 Plus\r\n华为P10 Plus\r\n科技\r\n\r\n━━━━\r\n\r\n快\r\n令人惊叹\r\n\r\nHUAWEI P10采用新一代EMUI 5.1系统，搭载麒麟960芯片，成功实现了性能提升与功耗平衡的再次突破，带来难以想象的高速与流畅。同时，金融级安全芯片和Huawei Pay*1一指闪付功能，为你的便捷生活保驾护航。HUAWEI SuperCharge技术，快速充电，“治愈”你的低电量焦虑症。\r\n\r\n华为P10 Plus华为P10 Plus华为P10 Plus华为P10 Plus华为P10 Plus华为P10 Plus\r\n华为P10 Plus华为P10 Plus\r\n*以上所有图片仅供参考，请以实物为准。所有数据均来自华为实验室数据\r\n以上页面中的产品图片及屏幕内容仅作示意，实物产品效果（包括但不限于外观、颜色、尺寸）和屏幕显示内容（包括但不限于背景、UI、配图）可能略有差异，请以实物为准。\r\n\r\n以上页面中的数据为理论值，均来自华为内部实验室，于特定测试环境下所得（请见各项具体说明），实际使用中可能因产品个体差异、软件版本、使用条件和环境因素不同略有不同，请以实际使用的情况为准。\r\n\r\n由于产品批次和生产供应因素实时变化，为尽可能提供准确的产品信息、规格参数、产品特性，华为可能实时调整和修订以上页面中的文字表述、图片效果等内容，以求与实际产品性能、规格、指数、零部件等信息相匹配。\r\n\r\n如遇确有进行上述修改和调整必要的情形，恕不专门通知。\r\n\r\n服务热线\r\n400-830-8300 / 800-830-8300（座机）\r\n\r\n普通话 7*24小时 微信客服在线客服零售店查询服务中心查询\r\n购买产品\r\n智能手机\r\n笔记本&平板\r\n智能穿戴\r\n智能家居\r\n移动宽带\r\n配件\r\n服务与支持\r\n保修政策\r\n预约服务\r\n寄修服务\r\n保修状态查询\r\n维修配件价格\r\n维修进度查询\r\n环保回收\r\n联系我们\r\n应用与下载\r\n预置应用公示\r\n店面元素下载\r\n新闻中心\r\n华为新闻\r\n华为视频\r\n关于我们\r\n关于我们\r\n华为商城\r\n企业业务\r\n运营商网络\r\n华为海洋\r\n华为集团\r\n加入华为\r\nCN 访问花粉俱乐部  关注我们   关注花粉俱乐部  \r\n网站地图使用条款隐私政策关于cookies法律信息版权所有 © 华为技术有限公司 1998-2017。保留一切权利。 粤A2-20044005号','华为','华为 P10 Plus',1399,'1000');
/*!40000 ALTER TABLE `item` ENABLE KEYS */;
UNLOCK TABLES;

--
-- Table structure for table `query`
--

DROP TABLE IF EXISTS `query`;
/*!40101 SET @saved_cs_client     = @@character_set_client */;
/*!40101 SET character_set_client = utf8 */;
CREATE TABLE `query` (
  `id` int(11) NOT NULL AUTO_INCREMENT,
  `email` varchar(255) DEFAULT NULL,
  `message` varchar(255) DEFAULT NULL,
  `subject` varchar(255) DEFAULT NULL,
  PRIMARY KEY (`id`)
) ENGINE=InnoDB DEFAULT CHARSET=utf8;
/*!40101 SET character_set_client = @saved_cs_client */;

--
-- Dumping data for table `query`
--

LOCK TABLES `query` WRITE;
/*!40000 ALTER TABLE `query` DISABLE KEYS */;
/*!40000 ALTER TABLE `query` ENABLE KEYS */;
UNLOCK TABLES;

--
-- Table structure for table `shippingAddress`
--

DROP TABLE IF EXISTS `shippingAddress`;
/*!40101 SET @saved_cs_client     = @@character_set_client */;
/*!40101 SET character_set_client = utf8 */;
CREATE TABLE `shippingAddress` (
  `shippingAddressId` varchar(255) NOT NULL,
  `address` varchar(255) DEFAULT NULL,
  `city` varchar(255) DEFAULT NULL,
  `country` varchar(255) DEFAULT NULL,
  `state` varchar(255) DEFAULT NULL,
  `zipcode` varchar(255) DEFAULT NULL,
  PRIMARY KEY (`shippingAddressId`)
) ENGINE=InnoDB DEFAULT CHARSET=utf8;
/*!40101 SET character_set_client = @saved_cs_client */;

--
-- Dumping data for table `shippingAddress`
--

LOCK TABLES `shippingAddress` WRITE;
/*!40000 ALTER TABLE `shippingAddress` DISABLE KEYS */;
INSERT INTO `shippingAddress` (`shippingAddressId`, `address`, `city`, `country`, `state`, `zipcode`) VALUES ('0169388b-ac6f-4da4-a1bc-6a1ebd31ac94','19 Allstate Pkwy','Markham, ON','Canada','Select a Province','L345B4'),('11cc15a6-45cf-47f5-a6f0-5245c151b7d1','19 Allstate Pkwy','Markham, ON','Canada','Select a Province','L345B4'),('1804da71-c270-48d0-8f86-0b02d58daf97','14 Greyton ave.','Toronto','Canada','Ontario','7Z3LA8'),('3990ed06-a98b-47d9-a41f-e1a5617c8c59','19 Allstate Pkwy','Markham, ON','Canada','Select a Province','L345B4'),('5c61fc0a-884a-401a-9f56-adcb18edc3c9','','','','',''),('6e76353c-2611-4fa0-9f1d-711bd8708d40','14 Greyton ave.','Toronto','Canada','Ontario','7Z3LA8'),('91e8c0d8-87ae-42ae-a1a8-c834cf0d9658','19 Allstate Pkwy','Markham, ON','Canada','Select a Province','L345B4'),('de04c763-ed99-4f50-b85b-1d567968f139','19 Allstate Pkwy 大街','Markham, ON','Canada','Select a Province','L345B4'),('f3627f33-31d8-4a15-acc0-58aec55cdff5','19 Allstate Pkwy','Markham, ON','Canada','Select a Province','L345B4');
/*!40000 ALTER TABLE `shippingAddress` ENABLE KEYS */;
UNLOCK TABLES;

--
-- Table structure for table `users`
--

DROP TABLE IF EXISTS `users`;
/*!40101 SET @saved_cs_client     = @@character_set_client */;
/*!40101 SET character_set_client = utf8 */;
CREATE TABLE `users` (
  `userId` varchar(255) NOT NULL,
  `emailId` varchar(255) DEFAULT NULL,
  `enabled` tinyint(1) NOT NULL,
  `password` varchar(255) DEFAULT NULL,
  PRIMARY KEY (`userId`)
) ENGINE=InnoDB DEFAULT CHARSET=utf8;
/*!40101 SET character_set_client = @saved_cs_client */;

--
-- Dumping data for table `users`
--

LOCK TABLES `users` WRITE;
/*!40000 ALTER TABLE `users` DISABLE KEYS */;
INSERT INTO `users` (`userId`, `emailId`, `enabled`, `password`) VALUES ('08e52fbf-1f37-4ccc-b152-0ba69bc1f8f6','test1@huawei.com',1,'123456'),('104c9aae-0da7-4584-93de-c312a7539ad4','admin.demo@huawei.com',1,'admin'),('14078d72-ad57-4941-9804-8522cd2a7a80','test4@huawei.com',1,'123456'),('610883b1-d0fa-4488-97e3-44cf935ba828','test2@huawei.com',1,'123456'),('6580d8e9-07cd-4b9d-a158-7846eaaec80d','chenp02@huawei.com',1,'123456'),('89594f70-47e8-47da-ba2a-fd23235c0e3d','chenp02@gmail.com',1,'123456'),('a5d55289-d14e-4411-b45b-ecceeb89d35e','hongwu.chen@huawei.com',1,'admin'),('b62e8e5d-9a07-4af5-a7f6-c3a1ef2410cb','test3@huawei.com',1,'123456'),('ec7ece62-cfb5-4cd1-83d2-4519507d8361','test5@huawei.com',1,'123456');
/*!40000 ALTER TABLE `users` ENABLE KEYS */;
UNLOCK TABLES;
/*!40103 SET TIME_ZONE=@OLD_TIME_ZONE */;

/*!40101 SET SQL_MODE=@OLD_SQL_MODE */;
/*!40014 SET FOREIGN_KEY_CHECKS=@OLD_FOREIGN_KEY_CHECKS */;
/*!40014 SET UNIQUE_CHECKS=@OLD_UNIQUE_CHECKS */;
/*!40101 SET CHARACTER_SET_CLIENT=@OLD_CHARACTER_SET_CLIENT */;
/*!40101 SET CHARACTER_SET_RESULTS=@OLD_CHARACTER_SET_RESULTS */;
/*!40101 SET COLLATION_CONNECTION=@OLD_COLLATION_CONNECTION */;
/*!40111 SET SQL_NOTES=@OLD_SQL_NOTES */;

-- Dump completed on 2018-03-05 22:02:15
